id,year,date,event,stage,a,b,ra,rb,games_a,games_b,format,kind,international_event,important_domestic,cup2025,source,event_source
lp:Season 2 World Championship_Group Stage_1,2012,2012-10-04,Worlds Season 2,Group Stage,Azubu Frost,Invictus Gaming,LCK,LPL,1,0,BO1,international,worlds,False,False,https://lol.fandom.com/wiki/Season_2_World_Championship,https://lol.fandom.com/wiki/Season_2_World_Championship
lp:Season 2 World Championship_Group Stage_3,2012,2012-10-04,Worlds Season 2,Group Stage,Azubu Frost,SK Gaming,LCK,OTHER,1,0,BO1,international,worlds,False,False,https://lol.fandom.com/wiki/Season_2_World_Championship,https://lol.fandom.com/wiki/Season_2_World_Championship
lp:Season 2 World Championship_Group Stage_5,2012,2012-10-04,Worlds Season 2,Group Stage,CLG Prime,Azubu Frost,OTHER,LCK,0,1,BO1,international,worlds,False,False,https://lol.fandom.com/wiki/Season_2_World_Championship,https://lol.fandom.com/wiki/Season_2_World_Championship
lp:Season 2 World Championship_Quarterfinals_3,2012,2012-10-05,Worlds Season 2,Quarterfinals,Team SoloMid,Azubu Frost,OTHER,LCK,0,2,BO3,international,worlds,False,False,https://lol.fandom.com/wiki/Season_2_World_Championship,https://lol.fandom.com/wiki/Season_2_World_Championship
lp:Season 2 World Championship_Semifinals_2,2012,2012-10-11,Worlds Season 2,Semifinals,Azubu Frost,Counter Logic Gaming Europe,LCK,OTHER,2,1,BO3,international,worlds,False,False,https://lol.fandom.com/wiki/Season_2_World_Championship,https://lol.fandom.com/wiki/Season_2_World_Championship
lp:Season 2 World Championship_Finals_1,2012,2012-10-14,Worlds Season 2,Finals,Taipei Assassins,Azubu Frost,OTHER,LCK,3,1,BO5,international,worlds,False,False,https://lol.fandom.com/wiki/Season_2_World_Championship,https://lol.fandom.com/wiki/Season_2_World_Championship
lp:Season 2 World Championship_Group Stage_8,2012,2012-10-04,Worlds Season 2,Group Stage,NaJin Sword,Saigon Jokers,LCK,OTHER,1,0,BO1,international,worlds,False,False,https://lol.fandom.com/wiki/Season_2_World_Championship,https://lol.fandom.com/wiki/Season_2_World_Championship
lp:Season 2 World Championship_Group Stage_9,2012,2012-10-05,Worlds Season 2,Group Stage,NaJin Sword,Counter Logic Gaming Europe,LCK,OTHER,1,0,BO1,international,worlds,False,False,https://lol.fandom.com/wiki/Season_2_World_Championship,https://lol.fandom.com/wiki/Season_2_World_Championship
lp:Season 2 World Championship_Group Stage_12,2012,2012-10-05,Worlds Season 2,Group Stage,NaJin Sword,Dignitas,LCK,OTHER,1,0,BO1,international,worlds,False,False,https://lol.fandom.com/wiki/Season_2_World_Championship,https://lol.fandom.com/wiki/Season_2_World_Championship
lp:Season 2 World Championship_Quarterfinals_2,2012,2012-10-05,Worlds Season 2,Quarterfinals,Taipei Assassins,NaJin Sword,OTHER,LCK,2,0,BO3,international,worlds,False,False,https://lol.fandom.com/wiki/Season_2_World_Championship,https://lol.fandom.com/wiki/Season_2_World_Championship
lp:Season 2 World Championship_Group Stage_2,2012,2012-10-04,Worlds Season 2,Group Stage,CLG Prime,Invictus Gaming,OTHER,LPL,0,1,BO1,international,worlds,False,False,https://lol.fandom.com/wiki/Season_2_World_Championship,https://lol.fandom.com/wiki/Season_2_World_Championship
lp:Season 2 World Championship_Group Stage_6,2012,2012-10-04,Worlds Season 2,Group Stage,SK Gaming,Invictus Gaming,OTHER,LPL,0,1,BO1,international,worlds,False,False,https://lol.fandom.com/wiki/Season_2_World_Championship,https://lol.fandom.com/wiki/Season_2_World_Championship
lp:Season 2 World Championship_Quarterfinals_1,2012,2012-10-05,Worlds Season 2,Quarterfinals,Moscow Five,Invictus Gaming,OTHER,LPL,2,0,BO3,international,worlds,False,False,https://lol.fandom.com/wiki/Season_2_World_Championship,https://lol.fandom.com/wiki/Season_2_World_Championship
lp:Season 2 World Championship_Quarterfinals_4,2012,2012-10-11,Worlds Season 2,Quarterfinals,Team WE,Counter Logic Gaming Europe,LPL,OTHER,1,2,BO3,international,worlds,False,False,https://lol.fandom.com/wiki/Season_2_World_Championship,https://lol.fandom.com/wiki/Season_2_World_Championship
367,2013,2013-09-23,Season 3 World Championship,,Gambit Gaming,Najin Black Sword,OTHER,LCK,1,2,BO3,international,worlds,False,False,https://gol.gg/game/stats/367/page-summary/,https://gol.gg/tournament/tournament-matchlist/Season%203%20World%20Championship/
374,2013,2013-09-27,Season 3 World Championship,,SK Telecom T1,Najin Black Sword,LCK,LCK,3,2,BO5,international,worlds,False,False,https://gol.gg/game/stats/374/page-summary/,https://gol.gg/tournament/tournament-matchlist/Season%203%20World%20Championship/
383,2013,2013-10-04,Season 3 World Championship,FINALS,Royal Club,SK Telecom T1,LPL,LCK,0,3,BO5,international,worlds,False,False,https://gol.gg/game/stats/383/page-summary/,https://gol.gg/tournament/tournament-matchlist/Season%203%20World%20Championship/
370,2013,2013-09-24,Season 3 World Championship,,Gamania Bears,SK Telecom T1,OTHER,LCK,0,2,BO3,international,worlds,False,False,https://gol.gg/game/stats/370/page-summary/,https://gol.gg/tournament/tournament-matchlist/Season%203%20World%20Championship/
363,2013,2013-09-22,Season 3 World Championship,,SK Telecom T1,OMG,LCK,LPL,1,0,BO1,international,worlds,False,False,https://gol.gg/game/stats/363/page-summary/,https://gol.gg/tournament/tournament-matchlist/Season%203%20World%20Championship/
360,2013,2013-09-22,Season 3 World Championship,,GamingGear,SK Telecom T1,OTHER,LCK,0,1,BO1,international,worlds,False,False,https://gol.gg/game/stats/360/page-summary/,https://gol.gg/tournament/tournament-matchlist/Season%203%20World%20Championship/
350,2013,2013-09-21,Season 3 World Championship,,Team SoloMid,SK Telecom T1,OTHER,LCK,0,1,BO1,international,worlds,False,False,https://gol.gg/game/stats/350/page-summary/,https://gol.gg/tournament/tournament-matchlist/Season%203%20World%20Championship/
348,2013,2013-09-21,Season 3 World Championship,,Lemondogs,SK Telecom T1,OTHER,LCK,0,1,BO1,international,worlds,False,False,https://gol.gg/game/stats/348/page-summary/,https://gol.gg/tournament/tournament-matchlist/Season%203%20World%20Championship/
342,2013,2013-09-18,Season 3 World Championship,,SK Telecom T1,Team SoloMid,LCK,OTHER,1,0,BO1,international,worlds,False,False,https://gol.gg/game/stats/342/page-summary/,https://gol.gg/tournament/tournament-matchlist/Season%203%20World%20Championship/
339,2013,2013-09-18,Season 3 World Championship,,SK Telecom T1,GamingGear,LCK,OTHER,1,0,BO1,international,worlds,False,False,https://gol.gg/game/stats/339/page-summary/,https://gol.gg/tournament/tournament-matchlist/Season%203%20World%20Championship/
327,2013,2013-09-16,Season 3 World Championship,,OMG,SK Telecom T1,LPL,LCK,1,0,BO1,international,worlds,False,False,https://gol.gg/game/stats/327/page-summary/,https://gol.gg/tournament/tournament-matchlist/Season%203%20World%20Championship/
324,2013,2013-09-16,Season 3 World Championship,,SK Telecom T1,Lemondogs,LCK,OTHER,1,0,BO1,international,worlds,False,False,https://gol.gg/game/stats/324/page-summary/,https://gol.gg/tournament/tournament-matchlist/Season%203%20World%20Championship/
358,2013,2013-09-22,Season 3 World Championship,,Samsung Ozone,Gambit Gaming,LCK,OTHER,0,1,BO1,international,worlds,False,False,https://gol.gg/game/stats/358/page-summary/,https://gol.gg/tournament/tournament-matchlist/Season%203%20World%20Championship/
357,2013,2013-09-22,Season 3 World Championship,,Samsung Ozone,Mineski,LCK,OTHER,1,0,BO1,international,worlds,False,False,https://gol.gg/game/stats/357/page-summary/,https://gol.gg/tournament/tournament-matchlist/Season%203%20World%20Championship/
354,2013,2013-09-22,Season 3 World Championship,,Team Vulcun,Samsung Ozone,OTHER,LCK,0,1,BO1,international,worlds,False,False,https://gol.gg/game/stats/354/page-summary/,https://gol.gg/tournament/tournament-matchlist/Season%203%20World%20Championship/
346,2013,2013-09-20,Season 3 World Championship,,Fnatic,Samsung Ozone,OTHER,LCK,1,0,BO1,international,worlds,False,False,https://gol.gg/game/stats/346/page-summary/,https://gol.gg/tournament/tournament-matchlist/Season%203%20World%20Championship/
343,2013,2013-09-20,Season 3 World Championship,,Samsung Ozone,Gambit Gaming,LCK,OTHER,1,0,BO1,international,worlds,False,False,https://gol.gg/game/stats/343/page-summary/,https://gol.gg/tournament/tournament-matchlist/Season%203%20World%20Championship/
335,2013,2013-09-17,Season 3 World Championship,,Samsung Ozone,Fnatic,LCK,OTHER,0,1,BO1,international,worlds,False,False,https://gol.gg/game/stats/335/page-summary/,https://gol.gg/tournament/tournament-matchlist/Season%203%20World%20Championship/
333,2013,2013-09-17,Season 3 World Championship,,Mineski,Samsung Ozone,OTHER,LCK,0,1,BO1,international,worlds,False,False,https://gol.gg/game/stats/333/page-summary/,https://gol.gg/tournament/tournament-matchlist/Season%203%20World%20Championship/
332,2013,2013-09-16,Season 3 World Championship,,Gambit Gaming,Samsung Ozone,OTHER,LCK,1,0,BO1,international,worlds,False,False,https://gol.gg/game/stats/332/page-summary/,https://gol.gg/tournament/tournament-matchlist/Season%203%20World%20Championship/
330,2013,2013-09-16,Season 3 World Championship,,Samsung Ozone,Team Vulcun,LCK,OTHER,1,0,BO1,international,worlds,False,False,https://gol.gg/game/stats/330/page-summary/,https://gol.gg/tournament/tournament-matchlist/Season%203%20World%20Championship/
361,2013,2013-09-22,Season 3 World Championship,,OMG,Lemondogs,LPL,OTHER,1,0,BO1,international,worlds,False,False,https://gol.gg/game/stats/361/page-summary/,https://gol.gg/tournament/tournament-matchlist/Season%203%20World%20Championship/
352,2013,2013-09-21,Season 3 World Championship,,OMG,Team SoloMid,LPL,OTHER,1,0,BO1,international,worlds,False,False,https://gol.gg/game/stats/352/page-summary/,https://gol.gg/tournament/tournament-matchlist/Season%203%20World%20Championship/
349,2013,2013-09-21,Season 3 World Championship,,OMG,GamingGear,LPL,OTHER,1,0,BO1,international,worlds,False,False,https://gol.gg/game/stats/349/page-summary/,https://gol.gg/tournament/tournament-matchlist/Season%203%20World%20Championship/
341,2013,2013-09-18,Season 3 World Championship,,GamingGear,OMG,OTHER,LPL,0,1,BO1,international,worlds,False,False,https://gol.gg/game/stats/341/page-summary/,https://gol.gg/tournament/tournament-matchlist/Season%203%20World%20Championship/
338,2013,2013-09-18,Season 3 World Championship,,Lemondogs,OMG,OTHER,LPL,0,1,BO1,international,worlds,False,False,https://gol.gg/game/stats/338/page-summary/,https://gol.gg/tournament/tournament-matchlist/Season%203%20World%20Championship/
325,2013,2013-09-16,Season 3 World Championship,,Team SoloMid,OMG,OTHER,LPL,0,1,BO1,international,worlds,False,False,https://gol.gg/game/stats/325/page-summary/,https://gol.gg/tournament/tournament-matchlist/Season%203%20World%20Championship/
372,2013,2013-09-24,Season 3 World Championship,,Royal Club,OMG,LPL,LPL,2,0,BO3,international,worlds,False,False,https://gol.gg/game/stats/372/page-summary/,https://gol.gg/tournament/tournament-matchlist/Season%203%20World%20Championship/
379,2013,2013-09-28,Season 3 World Championship,,Fnatic,Royal Club,OTHER,LPL,1,3,BO5,international,worlds,False,False,https://gol.gg/game/stats/379/page-summary/,https://gol.gg/tournament/tournament-matchlist/Season%203%20World%20Championship/
244,2014,2014-10-06,World Championship 2014,,NaJin White Shield,OMG,LCK,LPL,0,3,BO5,international,worlds,False,False,https://gol.gg/game/stats/244/page-summary/,https://gol.gg/tournament/tournament-matchlist/World%20Championship%202014/
230,2014,2014-09-28,World Championship 2014,,NaJin White Shield,Cloud 9,LCK,OTHER,1,0,BO1,international,worlds,False,False,https://gol.gg/game/stats/230/page-summary/,https://gol.gg/tournament/tournament-matchlist/World%20Championship%202014/
228,2014,2014-09-28,World Championship 2014,,Cloud 9,NaJin White Shield,OTHER,LCK,1,0,BO1,international,worlds,False,False,https://gol.gg/game/stats/228/page-summary/,https://gol.gg/tournament/tournament-matchlist/World%20Championship%202014/
223,2014,2014-09-27,World Championship 2014,,Alliance,NaJin White Shield,OTHER,LCK,1,0,BO1,international,worlds,False,False,https://gol.gg/game/stats/223/page-summary/,https://gol.gg/tournament/tournament-matchlist/World%20Championship%202014/
221,2014,2014-09-27,World Championship 2014,,KaBuM! eSports,NaJin White Shield,OTHER,LCK,0,1,BO1,international,worlds,False,False,https://gol.gg/game/stats/221/page-summary/,https://gol.gg/tournament/tournament-matchlist/World%20Championship%202014/
214,2014,2014-09-26,World Championship 2014,,NaJin White Shield,Cloud 9,LCK,OTHER,1,0,BO1,international,worlds,False,False,https://gol.gg/game/stats/214/page-summary/,https://gol.gg/tournament/tournament-matchlist/World%20Championship%202014/
212,2014,2014-09-26,World Championship 2014,,NaJin White Shield,Alliance,LCK,OTHER,1,0,BO1,international,worlds,False,False,https://gol.gg/game/stats/212/page-summary/,https://gol.gg/tournament/tournament-matchlist/World%20Championship%202014/
207,2014,2014-09-25,World Championship 2014,,NaJin White Shield,KaBuM! eSports,LCK,OTHER,1,0,BO1,international,worlds,False,False,https://gol.gg/game/stats/207/page-summary/,https://gol.gg/tournament/tournament-matchlist/World%20Championship%202014/
235,2014,2014-10-04,World Championship 2014,,Samsung Galaxy Blue,Cloud 9,LCK,OTHER,3,1,BO5,international,worlds,False,False,https://gol.gg/game/stats/235/page-summary/,https://gol.gg/tournament/tournament-matchlist/World%20Championship%202014/
227,2014,2014-09-28,World Championship 2014,,Fnatic,Samsung Galaxy Blue,OTHER,LCK,0,1,BO1,international,worlds,False,False,https://gol.gg/game/stats/227/page-summary/,https://gol.gg/tournament/tournament-matchlist/World%20Championship%202014/
225,2014,2014-09-28,World Championship 2014,,LMQ,Samsung Galaxy Blue,OTHER,LCK,0,1,BO1,international,worlds,False,False,https://gol.gg/game/stats/225/page-summary/,https://gol.gg/tournament/tournament-matchlist/World%20Championship%202014/
222,2014,2014-09-27,World Championship 2014,,OMG,Samsung Galaxy Blue,LPL,LCK,0,1,BO1,international,worlds,False,False,https://gol.gg/game/stats/222/page-summary/,https://gol.gg/tournament/tournament-matchlist/World%20Championship%202014/
217,2014,2014-09-26,World Championship 2014,,Samsung Galaxy Blue,LMQ,LCK,OTHER,1,0,BO1,international,worlds,False,False,https://gol.gg/game/stats/217/page-summary/,https://gol.gg/tournament/tournament-matchlist/World%20Championship%202014/
213,2014,2014-09-26,World Championship 2014,,Samsung Galaxy Blue,Fnatic,LCK,OTHER,0,1,BO1,international,worlds,False,False,https://gol.gg/game/stats/213/page-summary/,https://gol.gg/tournament/tournament-matchlist/World%20Championship%202014/
208,2014,2014-09-25,World Championship 2014,,Samsung Galaxy Blue,OMG,LCK,LPL,1,0,BO1,international,worlds,False,False,https://gol.gg/game/stats/208/page-summary/,https://gol.gg/tournament/tournament-matchlist/World%20Championship%202014/
247,2014,2014-10-11,World Championship 2014,,Samsung Galaxy Blue,Samsung Galaxy White,LCK,LCK,0,3,BO5,international,worlds,False,False,https://gol.gg/game/stats/247/page-summary/,https://gol.gg/tournament/tournament-matchlist/World%20Championship%202014/
257,2014,2014-10-19,World Championship 2014,FINALS,Star Horn Royal Club,Samsung Galaxy White,LPL,LCK,1,3,BO5,international,worlds,False,False,https://gol.gg/game/stats/257/page-summary/,https://gol.gg/tournament/tournament-matchlist/World%20Championship%202014/
231,2014,2014-10-03,World Championship 2014,,Samsung Galaxy White,Team SoloMid,LCK,OTHER,3,1,BO5,international,worlds,False,False,https://gol.gg/game/stats/231/page-summary/,https://gol.gg/tournament/tournament-matchlist/World%20Championship%202014/
204,2014,2014-09-21,World Championship 2014,,Samsung Galaxy White,Edward Gaming,LCK,LPL,1,0,BO1,international,worlds,False,False,https://gol.gg/game/stats/204/page-summary/,https://gol.gg/tournament/tournament-matchlist/World%20Championship%202014/
195,2014,2014-09-20,World Championship 2014,,ahq e-Sports Club,Samsung Galaxy White,OTHER,LCK,0,1,BO1,international,worlds,False,False,https://gol.gg/game/stats/195/page-summary/,https://gol.gg/tournament/tournament-matchlist/World%20Championship%202014/
193,2014,2014-09-20,World Championship 2014,,Samsung Galaxy White,Dark Passage,LCK,OTHER,1,0,BO1,international,worlds,False,False,https://gol.gg/game/stats/193/page-summary/,https://gol.gg/tournament/tournament-matchlist/World%20Championship%202014/
190,2014,2014-09-19,World Championship 2014,,Dark Passage,Samsung Galaxy White,OTHER,LCK,0,1,BO1,international,worlds,False,False,https://gol.gg/game/stats/190/page-summary/,https://gol.gg/tournament/tournament-matchlist/World%20Championship%202014/
185,2014,2014-09-18,World Championship 2014,,Samsung Galaxy White,ahq e-Sports Club,LCK,OTHER,1,0,BO1,international,worlds,False,False,https://gol.gg/game/stats/185/page-summary/,https://gol.gg/tournament/tournament-matchlist/World%20Championship%202014/
181,2014,2014-09-18,World Championship 2014,,Edward Gaming,Samsung Galaxy White,LPL,LCK,0,1,BO1,international,worlds,False,False,https://gol.gg/game/stats/181/page-summary/,https://gol.gg/tournament/tournament-matchlist/World%20Championship%202014/
205,2014,2014-09-21,World Championship 2014,,Edward Gaming,ahq e-Sports Club,LPL,OTHER,1,0,BO1,international,worlds,False,False,https://gol.gg/game/stats/205/page-summary/,https://gol.gg/tournament/tournament-matchlist/World%20Championship%202014/
202,2014,2014-09-21,World Championship 2014,,ahq e-Sports Club,Edward Gaming,OTHER,LPL,1,0,BO1,international,worlds,False,False,https://gol.gg/game/stats/202/page-summary/,https://gol.gg/tournament/tournament-matchlist/World%20Championship%202014/
197,2014,2014-09-20,World Championship 2014,,Dark Passage,Edward Gaming,OTHER,LPL,0,1,BO1,international,worlds,False,False,https://gol.gg/game/stats/197/page-summary/,https://gol.gg/tournament/tournament-matchlist/World%20Championship%202014/
192,2014,2014-09-19,World Championship 2014,,Edward Gaming,ahq e-Sports Club,LPL,OTHER,1,0,BO1,international,worlds,False,False,https://gol.gg/game/stats/192/page-summary/,https://gol.gg/tournament/tournament-matchlist/World%20Championship%202014/
188,2014,2014-09-19,World Championship 2014,,Edward Gaming,Dark Passage,LPL,OTHER,1,0,BO1,international,worlds,False,False,https://gol.gg/game/stats/188/page-summary/,https://gol.gg/tournament/tournament-matchlist/World%20Championship%202014/
239,2014,2014-10-05,World Championship 2014,,Star Horn Royal Club,Edward Gaming,LPL,LPL,3,2,BO5,international,worlds,False,False,https://gol.gg/game/stats/239/page-summary/,https://gol.gg/tournament/tournament-matchlist/World%20Championship%202014/
229,2014,2014-09-28,World Championship 2014,,OMG,LMQ,LPL,OTHER,1,0,BO1,international,worlds,False,False,https://gol.gg/game/stats/229/page-summary/,https://gol.gg/tournament/tournament-matchlist/World%20Championship%202014/
218,2014,2014-09-27,World Championship 2014,,Fnatic,OMG,OTHER,LPL,0,1,BO1,international,worlds,False,False,https://gol.gg/game/stats/218/page-summary/,https://gol.gg/tournament/tournament-matchlist/World%20Championship%202014/
215,2014,2014-09-26,World Championship 2014,,OMG,Fnatic,LPL,OTHER,1,0,BO1,international,worlds,False,False,https://gol.gg/game/stats/215/page-summary/,https://gol.gg/tournament/tournament-matchlist/World%20Championship%202014/
206,2014,2014-09-25,World Championship 2014,,LMQ,OMG,OTHER,LPL,1,0,BO1,international,worlds,False,False,https://gol.gg/game/stats/206/page-summary/,https://gol.gg/tournament/tournament-matchlist/World%20Championship%202014/
252,2014,2014-10-12,World Championship 2014,,Star Horn Royal Club,OMG,LPL,LPL,3,2,BO5,international,worlds,False,False,https://gol.gg/game/stats/252/page-summary/,https://gol.gg/tournament/tournament-matchlist/World%20Championship%202014/
201,2014,2014-09-21,World Championship 2014,,Star Horn Royal Club,Taipei Assassins,LPL,OTHER,1,0,BO1,international,worlds,False,False,https://gol.gg/game/stats/201/page-summary/,https://gol.gg/tournament/tournament-matchlist/World%20Championship%202014/
199,2014,2014-09-21,World Championship 2014,,Team SoloMid,Star Horn Royal Club,OTHER,LPL,1,0,BO1,international,worlds,False,False,https://gol.gg/game/stats/199/page-summary/,https://gol.gg/tournament/tournament-matchlist/World%20Championship%202014/
194,2014,2014-09-20,World Championship 2014,,SK Gaming,Star Horn Royal Club,OTHER,LPL,0,1,BO1,international,worlds,False,False,https://gol.gg/game/stats/194/page-summary/,https://gol.gg/tournament/tournament-matchlist/World%20Championship%202014/
189,2014,2014-09-19,World Championship 2014,,Star Horn Royal Club,SK Gaming,LPL,OTHER,1,0,BO1,international,worlds,False,False,https://gol.gg/game/stats/189/page-summary/,https://gol.gg/tournament/tournament-matchlist/World%20Championship%202014/
186,2014,2014-09-18,World Championship 2014,,Star Horn Royal Club,Team SoloMid,LPL,OTHER,1,0,BO1,international,worlds,False,False,https://gol.gg/game/stats/186/page-summary/,https://gol.gg/tournament/tournament-matchlist/World%20Championship%202014/
184,2014,2014-09-18,World Championship 2014,,Taipei Assassins,Star Horn Royal Club,OTHER,LPL,0,1,BO1,international,worlds,False,False,https://gol.gg/game/stats/184/page-summary/,https://gol.gg/tournament/tournament-matchlist/World%20Championship%202014/
2254,2015,2015-10-25,World Championship 2015,SF2,Fnatic,KOO Tigers,OTHER,LCK,0,3,BO5,international,worlds,False,False,https://gol.gg/game/stats/2254/page-summary/,https://gol.gg/tournament/tournament-matchlist/World%20Championship%202015/
2209,2015,2015-10-08,World Championship 2015,Day 5,KOO Tigers,Flash Wolves,LCK,OTHER,0,1,BO1,international,worlds,False,False,https://gol.gg/game/stats/2209/page-summary/,https://gol.gg/tournament/tournament-matchlist/World%20Championship%202015/
2207,2015,2015-10-08,World Championship 2015,Day 5,KOO Tigers,paiN Gaming,LCK,OTHER,1,0,BO1,international,worlds,False,False,https://gol.gg/game/stats/2207/page-summary/,https://gol.gg/tournament/tournament-matchlist/World%20Championship%202015/
2205,2015,2015-10-08,World Championship 2015,Day 5,Counter Logic Gaming,KOO Tigers,OTHER,LCK,0,1,BO1,international,worlds,False,False,https://gol.gg/game/stats/2205/page-summary/,https://gol.gg/tournament/tournament-matchlist/World%20Championship%202015/
2203,2015,2015-10-04,World Championship 2015,Day 4,KOO Tigers,Counter Logic Gaming,LCK,OTHER,1,0,BO1,international,worlds,False,False,https://gol.gg/game/stats/2203/page-summary/,https://gol.gg/tournament/tournament-matchlist/World%20Championship%202015/
2191,2015,2015-10-02,World Championship 2015,Day 2,Flash Wolves,KOO Tigers,OTHER,LCK,1,0,BO1,international,worlds,False,False,https://gol.gg/game/stats/2191/page-summary/,https://gol.gg/tournament/tournament-matchlist/World%20Championship%202015/
2185,2015,2015-10-01,World Championship 2015,Day 1,paiN Gaming,KOO Tigers,OTHER,LCK,0,1,BO1,international,worlds,False,False,https://gol.gg/game/stats/2185/page-summary/,https://gol.gg/tournament/tournament-matchlist/World%20Championship%202015/
2257,2015,2015-10-31,World Championship 2015,FINALS,SKTelecom T1,KOO Tigers,LCK,LCK,3,1,BO5,international,worlds,False,False,https://gol.gg/game/stats/2257/page-summary/,https://gol.gg/tournament/tournament-matchlist/World%20Championship%202015/
2245,2015,2015-10-18,World Championship 2015,QF4,KT Rolster,KOO Tigers,LCK,LCK,1,3,BO5,international,worlds,False,False,https://gol.gg/game/stats/2245/page-summary/,https://gol.gg/tournament/tournament-matchlist/World%20Championship%202015/
2221,2015,2015-10-10,World Championship 2015,Day 7,Origen,KT Rolster,OTHER,LCK,0,1,BO1,international,worlds,False,False,https://gol.gg/game/stats/2221/page-summary/,https://gol.gg/tournament/tournament-matchlist/World%20Championship%202015/
2219,2015,2015-10-10,World Championship 2015,Day 7,Team SoloMid,KT Rolster,OTHER,LCK,0,1,BO1,international,worlds,False,False,https://gol.gg/game/stats/2219/page-summary/,https://gol.gg/tournament/tournament-matchlist/World%20Championship%202015/
2218,2015,2015-10-10,World Championship 2015,Day 7,KT Rolster,LGD Gaming,LCK,LPL,1,0,BO1,international,worlds,False,False,https://gol.gg/game/stats/2218/page-summary/,https://gol.gg/tournament/tournament-matchlist/World%20Championship%202015/
2200,2015,2015-10-04,World Championship 2015,Day 4,KT Rolster,Origen,LCK,OTHER,0,1,BO1,international,worlds,False,False,https://gol.gg/game/stats/2200/page-summary/,https://gol.gg/tournament/tournament-matchlist/World%20Championship%202015/
2195,2015,2015-10-03,World Championship 2015,Day 3,LGD Gaming,KT Rolster,LPL,LCK,0,1,BO1,international,worlds,False,False,https://gol.gg/game/stats/2195/page-summary/,https://gol.gg/tournament/tournament-matchlist/World%20Championship%202015/
2187,2015,2015-10-02,World Championship 2015,Day 2,KT Rolster,Team SoloMid,LCK,OTHER,1,0,BO1,international,worlds,False,False,https://gol.gg/game/stats/2187/page-summary/,https://gol.gg/tournament/tournament-matchlist/World%20Championship%202015/
1199,2015,2015-05-10,Mid-Season Invitational 2015,FINALS,SKTelecom T1,Edward Gaming,LCK,LPL,2,3,BO5,international,msi,False,False,https://gol.gg/game/stats/1199/page-summary/,https://gol.gg/tournament/tournament-matchlist/Mid-Season%20Invitational%202015/
1191,2015,2015-05-09,Mid-Season Invitational 2015,,SKTelecom T1,Fnatic,LCK,OTHER,3,2,BO5,international,msi,False,False,https://gol.gg/game/stats/1191/page-summary/,https://gol.gg/tournament/tournament-matchlist/Mid-Season%20Invitational%202015/
1170,2015,2015-05-08,Mid-Season Invitational 2015,,AHQ E-Sports Club,SKTelecom T1,OTHER,LCK,0,1,BO1,international,msi,False,False,https://gol.gg/game/stats/1170/page-summary/,https://gol.gg/tournament/tournament-matchlist/Mid-Season%20Invitational%202015/
1167,2015,2015-05-08,Mid-Season Invitational 2015,,SKTelecom T1,Fnatic,LCK,OTHER,1,0,BO1,international,msi,False,False,https://gol.gg/game/stats/1167/page-summary/,https://gol.gg/tournament/tournament-matchlist/Mid-Season%20Invitational%202015/
1190,2015,2015-05-07,Mid-Season Invitational 2015,,SKTelecom T1,Team SoloMid,LCK,OTHER,1,0,BO1,international,msi,False,False,https://gol.gg/game/stats/1190/page-summary/,https://gol.gg/tournament/tournament-matchlist/Mid-Season%20Invitational%202015/
1188,2015,2015-05-07,Mid-Season Invitational 2015,,SKTelecom T1,Edward Gaming,LCK,LPL,1,0,BO1,international,msi,False,False,https://gol.gg/game/stats/1188/page-summary/,https://gol.gg/tournament/tournament-matchlist/Mid-Season%20Invitational%202015/
1160,2015,2015-05-07,Mid-Season Invitational 2015,,Besiktas E-Sports Club,SKTelecom T1,OTHER,LCK,0,1,BO1,international,msi,False,False,https://gol.gg/game/stats/1160/page-summary/,https://gol.gg/tournament/tournament-matchlist/Mid-Season%20Invitational%202015/
2249,2015,2015-10-24,World Championship 2015,SF1,SKTelecom T1,Origen,LCK,OTHER,3,0,BO5,international,worlds,False,False,https://gol.gg/game/stats/2249/page-summary/,https://gol.gg/tournament/tournament-matchlist/World%20Championship%202015/
2235,2015,2015-10-16,World Championship 2015,QF2,SKTelecom T1,AHQ E-Sports Club,LCK,OTHER,3,0,BO5,international,worlds,False,False,https://gol.gg/game/stats/2235/page-summary/,https://gol.gg/tournament/tournament-matchlist/World%20Championship%202015/
2216,2015,2015-10-09,World Championship 2015,Day 6,SKTelecom T1,Bangkok Titans,LCK,OTHER,1,0,BO1,international,worlds,False,False,https://gol.gg/game/stats/2216/page-summary/,https://gol.gg/tournament/tournament-matchlist/World%20Championship%202015/
2214,2015,2015-10-09,World Championship 2015,Day 6,H2k-Gaming,SKTelecom T1,OTHER,LCK,0,1,BO1,international,worlds,False,False,https://gol.gg/game/stats/2214/page-summary/,https://gol.gg/tournament/tournament-matchlist/World%20Championship%202015/
2211,2015,2015-10-09,World Championship 2015,Day 6,SKTelecom T1,Edward Gaming,LCK,LPL,1,0,BO1,international,worlds,False,False,https://gol.gg/game/stats/2211/page-summary/,https://gol.gg/tournament/tournament-matchlist/World%20Championship%202015/
2193,2015,2015-10-03,World Championship 2015,Day 3,Edward Gaming,SKTelecom T1,LPL,LCK,0,1,BO1,international,worlds,False,False,https://gol.gg/game/stats/2193/page-summary/,https://gol.gg/tournament/tournament-matchlist/World%20Championship%202015/
2189,2015,2015-10-02,World Championship 2015,Day 2,Bangkok Titans,SKTelecom T1,OTHER,LCK,0,1,BO1,international,worlds,False,False,https://gol.gg/game/stats/2189/page-summary/,https://gol.gg/tournament/tournament-matchlist/World%20Championship%202015/
2181,2015,2015-10-01,World Championship 2015,Day 1,SKTelecom T1,H2k-Gaming,LCK,OTHER,1,0,BO1,international,worlds,False,False,https://gol.gg/game/stats/2181/page-summary/,https://gol.gg/tournament/tournament-matchlist/World%20Championship%202015/
1196,2015,2015-05-09,Mid-Season Invitational 2015,,Edward Gaming,AHQ E-Sports Club,LPL,OTHER,3,0,BO5,international,msi,False,False,https://gol.gg/game/stats/1196/page-summary/,https://gol.gg/tournament/tournament-matchlist/Mid-Season%20Invitational%202015/
1168,2015,2015-05-08,Mid-Season Invitational 2015,,Team SoloMid,Edward Gaming,OTHER,LPL,0,1,BO1,international,msi,False,False,https://gol.gg/game/stats/1168/page-summary/,https://gol.gg/tournament/tournament-matchlist/Mid-Season%20Invitational%202015/
1166,2015,2015-05-08,Mid-Season Invitational 2015,,Edward Gaming,Besiktas E-Sports Club,LPL,OTHER,1,0,BO1,international,msi,False,False,https://gol.gg/game/stats/1166/page-summary/,https://gol.gg/tournament/tournament-matchlist/Mid-Season%20Invitational%202015/
1164,2015,2015-05-08,Mid-Season Invitational 2015,,Edward Gaming,Fnatic,LPL,OTHER,1,0,BO1,international,msi,False,False,https://gol.gg/game/stats/1164/page-summary/,https://gol.gg/tournament/tournament-matchlist/Mid-Season%20Invitational%202015/
1161,2015,2015-05-07,Mid-Season Invitational 2015,,Edward Gaming,AHQ E-Sports Club,LPL,OTHER,1,0,BO1,international,msi,False,False,https://gol.gg/game/stats/1161/page-summary/,https://gol.gg/tournament/tournament-matchlist/Mid-Season%20Invitational%202015/
2240,2015,2015-10-17,World Championship 2015,QF3,Fnatic,Edward Gaming,OTHER,LPL,3,0,BO5,international,worlds,False,False,https://gol.gg/game/stats/2240/page-summary/,https://gol.gg/tournament/tournament-matchlist/World%20Championship%202015/
2215,2015,2015-10-09,World Championship 2015,Day 6,Edward Gaming,H2k-Gaming,LPL,OTHER,1,0,BO1,international,worlds,False,False,https://gol.gg/game/stats/2215/page-summary/,https://gol.gg/tournament/tournament-matchlist/World%20Championship%202015/
2213,2015,2015-10-09,World Championship 2015,Day 6,Bangkok Titans,Edward Gaming,OTHER,LPL,0,1,BO1,international,worlds,False,False,https://gol.gg/game/stats/2213/page-summary/,https://gol.gg/tournament/tournament-matchlist/World%20Championship%202015/
2190,2015,2015-10-02,World Championship 2015,Day 2,H2k-Gaming,Edward Gaming,OTHER,LPL,0,1,BO1,international,worlds,False,False,https://gol.gg/game/stats/2190/page-summary/,https://gol.gg/tournament/tournament-matchlist/World%20Championship%202015/
2182,2015,2015-10-01,World Championship 2015,Day 1,Edward Gaming,Bangkok Titans,LPL,OTHER,1,0,BO1,international,worlds,False,False,https://gol.gg/game/stats/2182/page-summary/,https://gol.gg/tournament/tournament-matchlist/World%20Championship%202015/
2227,2015,2015-10-11,World Championship 2015,Day 8,Cloud 9,Invictus Gaming,OTHER,LPL,0,1,BO1,international,worlds,False,False,https://gol.gg/game/stats/2227/page-summary/,https://gol.gg/tournament/tournament-matchlist/World%20Championship%202015/
2226,2015,2015-10-11,World Championship 2015,Day 8,Invictus Gaming,Fnatic,LPL,OTHER,0,1,BO1,international,worlds,False,False,https://gol.gg/game/stats/2226/page-summary/,https://gol.gg/tournament/tournament-matchlist/World%20Championship%202015/
2223,2015,2015-10-11,World Championship 2015,Day 8,AHQ E-Sports Club,Invictus Gaming,OTHER,LPL,1,0,BO1,international,worlds,False,False,https://gol.gg/game/stats/2223/page-summary/,https://gol.gg/tournament/tournament-matchlist/World%20Championship%202015/
2201,2015,2015-10-04,World Championship 2015,Day 4,Invictus Gaming,AHQ E-Sports Club,LPL,OTHER,1,0,BO1,international,worlds,False,False,https://gol.gg/game/stats/2201/page-summary/,https://gol.gg/tournament/tournament-matchlist/World%20Championship%202015/
2197,2015,2015-10-03,World Championship 2015,Day 3,Invictus Gaming,Cloud 9,LPL,OTHER,0,1,BO1,international,worlds,False,False,https://gol.gg/game/stats/2197/page-summary/,https://gol.gg/tournament/tournament-matchlist/World%20Championship%202015/
2179,2015,2015-10-01,World Championship 2015,Day 1,Fnatic,Invictus Gaming,OTHER,LPL,1,0,BO1,international,worlds,False,False,https://gol.gg/game/stats/2179/page-summary/,https://gol.gg/tournament/tournament-matchlist/World%20Championship%202015/
2222,2015,2015-10-10,World Championship 2015,Day 7,LGD Gaming,Team SoloMid,LPL,OTHER,1,0,BO1,international,worlds,False,False,https://gol.gg/game/stats/2222/page-summary/,https://gol.gg/tournament/tournament-matchlist/World%20Championship%202015/
2220,2015,2015-10-10,World Championship 2015,Day 7,Origen,LGD Gaming,OTHER,LPL,0,1,BO1,international,worlds,False,False,https://gol.gg/game/stats/2220/page-summary/,https://gol.gg/tournament/tournament-matchlist/World%20Championship%202015/
2199,2015,2015-10-04,World Championship 2015,Day 4,Team SoloMid,LGD Gaming,OTHER,LPL,1,0,BO1,international,worlds,False,False,https://gol.gg/game/stats/2199/page-summary/,https://gol.gg/tournament/tournament-matchlist/World%20Championship%202015/
2188,2015,2015-10-02,World Championship 2015,Day 2,LGD Gaming,Origen,LPL,OTHER,0,1,BO1,international,worlds,False,False,https://gol.gg/game/stats/2188/page-summary/,https://gol.gg/tournament/tournament-matchlist/World%20Championship%202015/
4685,2016,2016-10-16,World Championship 2016,QF,ROX Tigers,Edward Gaming,LCK,LPL,3,1,BO5,international,worlds,False,False,https://gol.gg/game/stats/4685/page-summary/,https://gol.gg/tournament/tournament-matchlist/World%20Championship%202016/
4673,2016,2016-10-06,World Championship 2016,DAY5,ROX Tigers,Albus NoX Luna,LCK,OTHER,1,0,BO1,international,worlds,False,False,https://gol.gg/game/stats/4673/page-summary/,https://gol.gg/tournament/tournament-matchlist/World%20Championship%202016/
4654,2016,2016-10-06,World Championship 2016,DAY5,ROX Tigers,CLG,LCK,OTHER,1,0,BO1,international,worlds,False,False,https://gol.gg/game/stats/4654/page-summary/,https://gol.gg/tournament/tournament-matchlist/World%20Championship%202016/
4652,2016,2016-10-06,World Championship 2016,DAY5,Albus NoX Luna,ROX Tigers,OTHER,LCK,1,0,BO1,international,worlds,False,False,https://gol.gg/game/stats/4652/page-summary/,https://gol.gg/tournament/tournament-matchlist/World%20Championship%202016/
4649,2016,2016-10-06,World Championship 2016,DAY5,G2 Esports,ROX Tigers,G2,LCK,0,1,BO1,international,worlds,False,False,https://gol.gg/game/stats/4649/page-summary/,https://gol.gg/tournament/tournament-matchlist/World%20Championship%202016/
4646,2016,2016-10-02,World Championship 2016,DAY4,CLG,ROX Tigers,OTHER,LCK,1,0,BO1,international,worlds,False,False,https://gol.gg/game/stats/4646/page-summary/,https://gol.gg/tournament/tournament-matchlist/World%20Championship%202016/
4638,2016,2016-10-01,World Championship 2016,DAY3,ROX Tigers,G2 Esports,LCK,G2,1,0,BO1,international,worlds,False,False,https://gol.gg/game/stats/4638/page-summary/,https://gol.gg/tournament/tournament-matchlist/World%20Championship%202016/
4626,2016,2016-09-29,World Championship 2016,DAY1,ROX Tigers,Albus NoX Luna,LCK,OTHER,1,0,BO1,international,worlds,False,False,https://gol.gg/game/stats/4626/page-summary/,https://gol.gg/tournament/tournament-matchlist/World%20Championship%202016/
4693,2016,2016-10-22,World Championship 2016,SF,ROX Tigers,SK Telecom T1,LCK,LCK,2,3,BO5,international,worlds,False,False,https://gol.gg/game/stats/4693/page-summary/,https://gol.gg/tournament/tournament-matchlist/World%20Championship%202016/
4680,2016,2016-10-15,World Championship 2016,QF,SK Telecom T1,Royal Never Give Up,LCK,LPL,3,1,BO5,international,worlds,False,False,https://gol.gg/game/stats/4680/page-summary/,https://gol.gg/tournament/tournament-matchlist/World%20Championship%202016/
4672,2016,2016-10-09,World Championship 2016,DAY8,Flash Wolves,SK Telecom T1,OTHER,LCK,0,1,BO1,international,worlds,False,False,https://gol.gg/game/stats/4672/page-summary/,https://gol.gg/tournament/tournament-matchlist/World%20Championship%202016/
4670,2016,2016-10-09,World Championship 2016,DAY8,SK Telecom T1,I MAY,LCK,LPL,1,0,BO1,international,worlds,False,False,https://gol.gg/game/stats/4670/page-summary/,https://gol.gg/tournament/tournament-matchlist/World%20Championship%202016/
4668,2016,2016-10-09,World Championship 2016,DAY8,Cloud 9,SK Telecom T1,OTHER,LCK,0,1,BO1,international,worlds,False,False,https://gol.gg/game/stats/4668/page-summary/,https://gol.gg/tournament/tournament-matchlist/World%20Championship%202016/
4647,2016,2016-10-02,World Championship 2016,DAY4,SK Telecom T1,Flash Wolves,LCK,OTHER,0,1,BO1,international,worlds,False,False,https://gol.gg/game/stats/4647/page-summary/,https://gol.gg/tournament/tournament-matchlist/World%20Championship%202016/
4640,2016,2016-10-01,World Championship 2016,DAY3,I MAY,SK Telecom T1,LPL,LCK,0,1,BO1,international,worlds,False,False,https://gol.gg/game/stats/4640/page-summary/,https://gol.gg/tournament/tournament-matchlist/World%20Championship%202016/
4631,2016,2016-09-30,World Championship 2016,DAY2,SK Telecom T1,Cloud 9,LCK,OTHER,1,0,BO1,international,worlds,False,False,https://gol.gg/game/stats/4631/page-summary/,https://gol.gg/tournament/tournament-matchlist/World%20Championship%202016/
3304,2016,2016-05-15,Mid-Season Invitational 2016,Finals,CLG,SK Telecom T1,OTHER,LCK,0,3,BO5,international,msi,False,False,https://gol.gg/game/stats/3304/page-summary/,https://gol.gg/tournament/tournament-matchlist/Mid-Season%20Invitational%202016/
3295,2016,2016-05-13,Mid-Season Invitational 2016,SF,Royal Never Give Up,SK Telecom T1,LPL,LCK,1,3,BO5,international,msi,False,False,https://gol.gg/game/stats/3295/page-summary/,https://gol.gg/tournament/tournament-matchlist/Mid-Season%20Invitational%202016/
3294,2016,2016-05-08,Mid-Season Invitational 2016,Day5,Royal Never Give Up,SK Telecom T1,LPL,LCK,0,1,BO1,international,msi,False,False,https://gol.gg/game/stats/3294/page-summary/,https://gol.gg/tournament/tournament-matchlist/Mid-Season%20Invitational%202016/
3287,2016,2016-05-08,Mid-Season Invitational 2016,Day5,SK Telecom T1,G2 Esports,LCK,G2,1,0,BO1,international,msi,False,False,https://gol.gg/game/stats/3287/page-summary/,https://gol.gg/tournament/tournament-matchlist/Mid-Season%20Invitational%202016/
3293,2016,2016-05-07,Mid-Season Invitational 2016,Day4,SuperMassive,SK Telecom T1,OTHER,LCK,0,1,BO1,international,msi,False,False,https://gol.gg/game/stats/3293/page-summary/,https://gol.gg/tournament/tournament-matchlist/Mid-Season%20Invitational%202016/
3282,2016,2016-05-07,Mid-Season Invitational 2016,Day4,SK Telecom T1,CLG,LCK,OTHER,1,0,BO1,international,msi,False,False,https://gol.gg/game/stats/3282/page-summary/,https://gol.gg/tournament/tournament-matchlist/Mid-Season%20Invitational%202016/
3278,2016,2016-05-06,Mid-Season Invitational 2016,Day3,Flash Wolves,SK Telecom T1,OTHER,LCK,1,0,BO1,international,msi,False,False,https://gol.gg/game/stats/3278/page-summary/,https://gol.gg/tournament/tournament-matchlist/Mid-Season%20Invitational%202016/
3276,2016,2016-05-06,Mid-Season Invitational 2016,Day3,CLG,SK Telecom T1,OTHER,LCK,1,0,BO1,international,msi,False,False,https://gol.gg/game/stats/3276/page-summary/,https://gol.gg/tournament/tournament-matchlist/Mid-Season%20Invitational%202016/
3291,2016,2016-05-05,Mid-Season Invitational 2016,Day2,SK Telecom T1,Flash Wolves,LCK,OTHER,0,1,BO1,international,msi,False,False,https://gol.gg/game/stats/3291/page-summary/,https://gol.gg/tournament/tournament-matchlist/Mid-Season%20Invitational%202016/
3271,2016,2016-05-05,Mid-Season Invitational 2016,Day2,SK Telecom T1,Royal Never Give Up,LCK,LPL,0,1,BO1,international,msi,False,False,https://gol.gg/game/stats/3271/page-summary/,https://gol.gg/tournament/tournament-matchlist/Mid-Season%20Invitational%202016/
3269,2016,2016-05-04,Mid-Season Invitational 2016,Day1,G2 Esports,SK Telecom T1,G2,LCK,0,1,BO1,international,msi,False,False,https://gol.gg/game/stats/3269/page-summary/,https://gol.gg/tournament/tournament-matchlist/Mid-Season%20Invitational%202016/
3267,2016,2016-05-04,Mid-Season Invitational 2016,Day1,SK Telecom T1,SuperMassive,LCK,OTHER,1,0,BO1,international,msi,False,False,https://gol.gg/game/stats/3267/page-summary/,https://gol.gg/tournament/tournament-matchlist/Mid-Season%20Invitational%202016/
4701,2016,2016-10-30,World Championship 2016,FINALS,Samsung Galaxy,SK Telecom T1,LCK,LCK,2,3,BO5,international,worlds,False,False,https://gol.gg/game/stats/4701/page-summary/,https://gol.gg/tournament/tournament-matchlist/World%20Championship%202016/
4698,2016,2016-10-23,World Championship 2016,SF,Samsung Galaxy,H2k-Gaming,LCK,OTHER,3,0,BO5,international,worlds,False,False,https://gol.gg/game/stats/4698/page-summary/,https://gol.gg/tournament/tournament-matchlist/World%20Championship%202016/
4675,2016,2016-10-14,World Championship 2016,QF,Samsung Galaxy,Cloud 9,LCK,OTHER,3,0,BO5,international,worlds,False,False,https://gol.gg/game/stats/4675/page-summary/,https://gol.gg/tournament/tournament-matchlist/World%20Championship%202016/
4665,2016,2016-10-08,World Championship 2016,DAY7,Splyce,Samsung Galaxy,OTHER,LCK,0,1,BO1,international,worlds,False,False,https://gol.gg/game/stats/4665/page-summary/,https://gol.gg/tournament/tournament-matchlist/World%20Championship%202016/
4664,2016,2016-10-08,World Championship 2016,DAY7,Samsung Galaxy,Royal Never Give Up,LCK,LPL,1,0,BO1,international,worlds,False,False,https://gol.gg/game/stats/4664/page-summary/,https://gol.gg/tournament/tournament-matchlist/World%20Championship%202016/
4661,2016,2016-10-08,World Championship 2016,DAY7,Samsung Galaxy,Team SoloMid,LCK,OTHER,1,0,BO1,international,worlds,False,False,https://gol.gg/game/stats/4661/page-summary/,https://gol.gg/tournament/tournament-matchlist/World%20Championship%202016/
4642,2016,2016-10-01,World Championship 2016,DAY3,Royal Never Give Up,Samsung Galaxy,LPL,LCK,0,1,BO1,international,worlds,False,False,https://gol.gg/game/stats/4642/page-summary/,https://gol.gg/tournament/tournament-matchlist/World%20Championship%202016/
4633,2016,2016-09-30,World Championship 2016,DAY2,Team SoloMid,Samsung Galaxy,OTHER,LCK,1,0,BO1,international,worlds,False,False,https://gol.gg/game/stats/4633/page-summary/,https://gol.gg/tournament/tournament-matchlist/World%20Championship%202016/
4629,2016,2016-09-29,World Championship 2016,DAY1,Samsung Galaxy,Splyce,LCK,OTHER,1,0,BO1,international,worlds,False,False,https://gol.gg/game/stats/4629/page-summary/,https://gol.gg/tournament/tournament-matchlist/World%20Championship%202016/
4674,2016,2016-10-07,World Championship 2016,DAY6,H2k-Gaming,Edward Gaming,OTHER,LPL,1,0,BO1,international,worlds,False,False,https://gol.gg/game/stats/4674/page-summary/,https://gol.gg/tournament/tournament-matchlist/World%20Championship%202016/
4660,2016,2016-10-07,World Championship 2016,DAY6,ahq eSports,Edward Gaming,OTHER,LPL,0,1,BO1,international,worlds,False,False,https://gol.gg/game/stats/4660/page-summary/,https://gol.gg/tournament/tournament-matchlist/World%20Championship%202016/
4657,2016,2016-10-07,World Championship 2016,DAY6,H2k-Gaming,Edward Gaming,OTHER,LPL,1,0,BO1,international,worlds,False,False,https://gol.gg/game/stats/4657/page-summary/,https://gol.gg/tournament/tournament-matchlist/World%20Championship%202016/
4655,2016,2016-10-07,World Championship 2016,DAY6,Edward Gaming,INTZ eSports,LPL,OTHER,1,0,BO1,international,worlds,False,False,https://gol.gg/game/stats/4655/page-summary/,https://gol.gg/tournament/tournament-matchlist/World%20Championship%202016/
4644,2016,2016-10-02,World Championship 2016,DAY4,Edward Gaming,H2k-Gaming,LPL,OTHER,1,0,BO1,international,worlds,False,False,https://gol.gg/game/stats/4644/page-summary/,https://gol.gg/tournament/tournament-matchlist/World%20Championship%202016/
4636,2016,2016-09-30,World Championship 2016,DAY2,Edward Gaming,ahq eSports,LPL,OTHER,1,0,BO1,international,worlds,False,False,https://gol.gg/game/stats/4636/page-summary/,https://gol.gg/tournament/tournament-matchlist/World%20Championship%202016/
4628,2016,2016-09-29,World Championship 2016,DAY1,INTZ eSports,Edward Gaming,OTHER,LPL,1,0,BO1,international,worlds,False,False,https://gol.gg/game/stats/4628/page-summary/,https://gol.gg/tournament/tournament-matchlist/World%20Championship%202016/
4671,2016,2016-10-09,World Championship 2016,DAY8,I MAY,Cloud 9,LPL,OTHER,0,1,BO1,international,worlds,False,False,https://gol.gg/game/stats/4671/page-summary/,https://gol.gg/tournament/tournament-matchlist/World%20Championship%202016/
4667,2016,2016-10-09,World Championship 2016,DAY8,I MAY,Flash Wolves,LPL,OTHER,1,0,BO1,international,worlds,False,False,https://gol.gg/game/stats/4667/page-summary/,https://gol.gg/tournament/tournament-matchlist/World%20Championship%202016/
4648,2016,2016-10-02,World Championship 2016,DAY4,Cloud 9,I MAY,OTHER,LPL,1,0,BO1,international,worlds,False,False,https://gol.gg/game/stats/4648/page-summary/,https://gol.gg/tournament/tournament-matchlist/World%20Championship%202016/
4632,2016,2016-09-30,World Championship 2016,DAY2,Flash Wolves,I MAY,OTHER,LPL,0,1,BO1,international,worlds,False,False,https://gol.gg/game/stats/4632/page-summary/,https://gol.gg/tournament/tournament-matchlist/World%20Championship%202016/
4666,2016,2016-10-08,World Championship 2016,DAY7,Royal Never Give Up,Team SoloMid,LPL,OTHER,1,0,BO1,international,worlds,False,False,https://gol.gg/game/stats/4666/page-summary/,https://gol.gg/tournament/tournament-matchlist/World%20Championship%202016/
4662,2016,2016-10-08,World Championship 2016,DAY7,Splyce,Royal Never Give Up,OTHER,LPL,1,0,BO1,international,worlds,False,False,https://gol.gg/game/stats/4662/page-summary/,https://gol.gg/tournament/tournament-matchlist/World%20Championship%202016/
4634,2016,2016-09-30,World Championship 2016,DAY2,Royal Never Give Up,Splyce,LPL,OTHER,1,0,BO1,international,worlds,False,False,https://gol.gg/game/stats/4634/page-summary/,https://gol.gg/tournament/tournament-matchlist/World%20Championship%202016/
4630,2016,2016-09-29,World Championship 2016,DAY1,Team SoloMid,Royal Never Give Up,OTHER,LPL,0,1,BO1,international,worlds,False,False,https://gol.gg/game/stats/4630/page-summary/,https://gol.gg/tournament/tournament-matchlist/World%20Championship%202016/
3285,2016,2016-05-08,Mid-Season Invitational 2016,Day5,Royal Never Give Up,SuperMassive,LPL,OTHER,1,0,BO1,international,msi,False,False,https://gol.gg/game/stats/3285/page-summary/,https://gol.gg/tournament/tournament-matchlist/Mid-Season%20Invitational%202016/
3284,2016,2016-05-07,Mid-Season Invitational 2016,Day4,CLG,Royal Never Give Up,OTHER,LPL,1,0,BO1,international,msi,False,False,https://gol.gg/game/stats/3284/page-summary/,https://gol.gg/tournament/tournament-matchlist/Mid-Season%20Invitational%202016/
3281,2016,2016-05-07,Mid-Season Invitational 2016,Day4,Royal Never Give Up,Flash Wolves,LPL,OTHER,1,0,BO1,international,msi,False,False,https://gol.gg/game/stats/3281/page-summary/,https://gol.gg/tournament/tournament-matchlist/Mid-Season%20Invitational%202016/
3292,2016,2016-05-06,Mid-Season Invitational 2016,Day3,G2 Esports,Royal Never Give Up,G2,LPL,0,1,BO1,international,msi,False,False,https://gol.gg/game/stats/3292/page-summary/,https://gol.gg/tournament/tournament-matchlist/Mid-Season%20Invitational%202016/
3275,2016,2016-05-06,Mid-Season Invitational 2016,Day3,Flash Wolves,Royal Never Give Up,OTHER,LPL,0,1,BO1,international,msi,False,False,https://gol.gg/game/stats/3275/page-summary/,https://gol.gg/tournament/tournament-matchlist/Mid-Season%20Invitational%202016/
3273,2016,2016-05-05,Mid-Season Invitational 2016,Day2,Royal Never Give Up,G2 Esports,LPL,G2,1,0,BO1,international,msi,False,False,https://gol.gg/game/stats/3273/page-summary/,https://gol.gg/tournament/tournament-matchlist/Mid-Season%20Invitational%202016/
3290,2016,2016-05-04,Mid-Season Invitational 2016,Day1,SuperMassive,Royal Never Give Up,OTHER,LPL,0,1,BO1,international,msi,False,False,https://gol.gg/game/stats/3290/page-summary/,https://gol.gg/tournament/tournament-matchlist/Mid-Season%20Invitational%202016/
3265,2016,2016-05-04,Mid-Season Invitational 2016,Day1,Royal Never Give Up,CLG,LPL,OTHER,1,0,BO1,international,msi,False,False,https://gol.gg/game/stats/3265/page-summary/,https://gol.gg/tournament/tournament-matchlist/Mid-Season%20Invitational%202016/
9024,2017,2017-10-12,World Championship 2017,DAY5,Immortals,Longzhu Gaming,OTHER,LCK,0,1,BO1,international,worlds,False,False,https://gol.gg/game/stats/9024/page-summary/,https://gol.gg/tournament/tournament-matchlist/World%20Championship%202017/
9022,2017,2017-10-12,World Championship 2017,DAY5,GIGABYTE Marines,Longzhu Gaming,OTHER,LCK,0,1,BO1,international,worlds,False,False,https://gol.gg/game/stats/9022/page-summary/,https://gol.gg/tournament/tournament-matchlist/World%20Championship%202017/
9020,2017,2017-10-12,World Championship 2017,DAY5,Longzhu Gaming,Fnatic,LCK,OTHER,1,0,BO1,international,worlds,False,False,https://gol.gg/game/stats/9020/page-summary/,https://gol.gg/tournament/tournament-matchlist/World%20Championship%202017/
9016,2017,2017-10-08,World Championship 2017,DAY4,Fnatic,Longzhu Gaming,OTHER,LCK,0,1,BO1,international,worlds,False,False,https://gol.gg/game/stats/9016/page-summary/,https://gol.gg/tournament/tournament-matchlist/World%20Championship%202017/
9004,2017,2017-10-06,World Championship 2017,DAY2,Longzhu Gaming,GIGABYTE Marines,LCK,OTHER,1,0,BO1,international,worlds,False,False,https://gol.gg/game/stats/9004/page-summary/,https://gol.gg/tournament/tournament-matchlist/World%20Championship%202017/
8997,2017,2017-10-05,World Championship 2017,DAY1,Longzhu Gaming,Immortals,LCK,OTHER,1,0,BO1,international,worlds,False,False,https://gol.gg/game/stats/8997/page-summary/,https://gol.gg/tournament/tournament-matchlist/World%20Championship%202017/
9046,2017,2017-10-19,World Championship 2017,QF,Longzhu Gaming,Samsung Galaxy,LCK,LCK,0,3,BO5,international,worlds,False,False,https://gol.gg/game/stats/9046/page-summary/,https://gol.gg/tournament/tournament-matchlist/World%20Championship%202017/
9066,2017,2017-10-28,World Championship 2017,SF,Royal Never Give Up,SK Telecom T1,LPL,LCK,2,3,BO5,international,worlds,False,False,https://gol.gg/game/stats/9066/page-summary/,https://gol.gg/tournament/tournament-matchlist/World%20Championship%202017/
9051,2017,2017-10-20,World Championship 2017,QF,SK Telecom T1,Misfits,LCK,OTHER,3,2,BO5,international,worlds,False,False,https://gol.gg/game/stats/9051/page-summary/,https://gol.gg/tournament/tournament-matchlist/World%20Championship%202017/
9042,2017,2017-10-15,World Championship 2017,DAY8,SK Telecom T1,Edward Gaming,LCK,LPL,1,0,BO1,international,worlds,False,False,https://gol.gg/game/stats/9042/page-summary/,https://gol.gg/tournament/tournament-matchlist/World%20Championship%202017/
9040,2017,2017-10-15,World Championship 2017,DAY8,Cloud 9,SK Telecom T1,OTHER,LCK,0,1,BO1,international,worlds,False,False,https://gol.gg/game/stats/9040/page-summary/,https://gol.gg/tournament/tournament-matchlist/World%20Championship%202017/
9037,2017,2017-10-15,World Championship 2017,DAY8,ahq e-Sports Club,SK Telecom T1,OTHER,LCK,1,0,BO1,international,worlds,False,False,https://gol.gg/game/stats/9037/page-summary/,https://gol.gg/tournament/tournament-matchlist/World%20Championship%202017/
9011,2017,2017-10-07,World Championship 2017,DAY3,SK Telecom T1,ahq e-Sports Club,LCK,OTHER,1,0,BO1,international,worlds,False,False,https://gol.gg/game/stats/9011/page-summary/,https://gol.gg/tournament/tournament-matchlist/World%20Championship%202017/
9006,2017,2017-10-06,World Championship 2017,DAY2,Edward Gaming,SK Telecom T1,LPL,LCK,0,1,BO1,international,worlds,False,False,https://gol.gg/game/stats/9006/page-summary/,https://gol.gg/tournament/tournament-matchlist/World%20Championship%202017/
8999,2017,2017-10-05,World Championship 2017,DAY1,SK Telecom T1,Cloud 9,LCK,OTHER,1,0,BO1,international,worlds,False,False,https://gol.gg/game/stats/8999/page-summary/,https://gol.gg/tournament/tournament-matchlist/World%20Championship%202017/
7027,2017,2017-05-21,Mid-Season Invitational 2017,FINALS,SK Telecom T1,G2 Esports,LCK,G2,3,1,BO5,international,msi,False,False,https://gol.gg/game/stats/7027/page-summary/,https://gol.gg/tournament/tournament-matchlist/Mid-Season%20Invitational%202017/
7018,2017,2017-05-19,Mid-Season Invitational 2017,SF,SK Telecom T1,Flash Wolves,LCK,OTHER,3,0,BO5,international,msi,False,False,https://gol.gg/game/stats/7018/page-summary/,https://gol.gg/tournament/tournament-matchlist/Mid-Season%20Invitational%202017/
7016,2017,2017-05-14,Mid-Season Invitational 2017,DAY5,SK Telecom T1,Team WE,LCK,LPL,0,1,BO1,international,msi,False,False,https://gol.gg/game/stats/7016/page-summary/,https://gol.gg/tournament/tournament-matchlist/Mid-Season%20Invitational%202017/
7011,2017,2017-05-14,Mid-Season Invitational 2017,DAY5,SK Telecom T1,G2 Esports,LCK,G2,1,0,BO1,international,msi,False,False,https://gol.gg/game/stats/7011/page-summary/,https://gol.gg/tournament/tournament-matchlist/Mid-Season%20Invitational%202017/
7009,2017,2017-05-13,Mid-Season Invitational 2017,DAY4,Team SoloMid,SK Telecom T1,OTHER,LCK,0,1,BO1,international,msi,False,False,https://gol.gg/game/stats/7009/page-summary/,https://gol.gg/tournament/tournament-matchlist/Mid-Season%20Invitational%202017/
7007,2017,2017-05-13,Mid-Season Invitational 2017,DAY4,Flash Wolves,SK Telecom T1,OTHER,LCK,1,0,BO1,international,msi,False,False,https://gol.gg/game/stats/7007/page-summary/,https://gol.gg/tournament/tournament-matchlist/Mid-Season%20Invitational%202017/
7003,2017,2017-05-12,Mid-Season Invitational 2017,DAY3,GIGABYTE Marines,SK Telecom T1,OTHER,LCK,0,1,BO1,international,msi,False,False,https://gol.gg/game/stats/7003/page-summary/,https://gol.gg/tournament/tournament-matchlist/Mid-Season%20Invitational%202017/
7000,2017,2017-05-12,Mid-Season Invitational 2017,DAY3,SK Telecom T1,Flash Wolves,LCK,OTHER,1,0,BO1,international,msi,False,False,https://gol.gg/game/stats/7000/page-summary/,https://gol.gg/tournament/tournament-matchlist/Mid-Season%20Invitational%202017/
6998,2017,2017-05-11,Mid-Season Invitational 2017,DAY2,Team WE,SK Telecom T1,LPL,LCK,0,1,BO1,international,msi,False,False,https://gol.gg/game/stats/6998/page-summary/,https://gol.gg/tournament/tournament-matchlist/Mid-Season%20Invitational%202017/
6993,2017,2017-05-11,Mid-Season Invitational 2017,DAY2,SK Telecom T1,Team SoloMid,LCK,OTHER,1,0,BO1,international,msi,False,False,https://gol.gg/game/stats/6993/page-summary/,https://gol.gg/tournament/tournament-matchlist/Mid-Season%20Invitational%202017/
6991,2017,2017-05-10,Mid-Season Invitational 2017,DAY1,SK Telecom T1,GIGABYTE Marines,LCK,OTHER,1,0,BO1,international,msi,False,False,https://gol.gg/game/stats/6991/page-summary/,https://gol.gg/tournament/tournament-matchlist/Mid-Season%20Invitational%202017/
6987,2017,2017-05-10,Mid-Season Invitational 2017,DAY1,G2 Esports,SK Telecom T1,G2,LCK,0,1,BO1,international,msi,False,False,https://gol.gg/game/stats/6987/page-summary/,https://gol.gg/tournament/tournament-matchlist/Mid-Season%20Invitational%202017/
9075,2017,2017-11-04,World Championship 2017,FINALS,Samsung Galaxy,SK Telecom T1,LCK,LCK,3,0,BO5,international,worlds,False,False,https://gol.gg/game/stats/9075/page-summary/,https://gol.gg/tournament/tournament-matchlist/World%20Championship%202017/
9071,2017,2017-10-29,World Championship 2017,SF,Team WE,Samsung Galaxy,LPL,LCK,1,3,BO5,international,worlds,False,False,https://gol.gg/game/stats/9071/page-summary/,https://gol.gg/tournament/tournament-matchlist/World%20Championship%202017/
9030,2017,2017-10-13,World Championship 2017,DAY6,Royal Never Give Up,Samsung Galaxy,LPL,LCK,1,0,BO1,international,worlds,False,False,https://gol.gg/game/stats/9030/page-summary/,https://gol.gg/tournament/tournament-matchlist/World%20Championship%202017/
9027,2017,2017-10-13,World Championship 2017,DAY6,Samsung Galaxy,G2 Esports,LCK,G2,1,0,BO1,international,worlds,False,False,https://gol.gg/game/stats/9027/page-summary/,https://gol.gg/tournament/tournament-matchlist/World%20Championship%202017/
9026,2017,2017-10-13,World Championship 2017,DAY6,Samsung Galaxy,1907 Fenerbahce,LCK,OTHER,1,0,BO1,international,worlds,False,False,https://gol.gg/game/stats/9026/page-summary/,https://gol.gg/tournament/tournament-matchlist/World%20Championship%202017/
9017,2017,2017-10-08,World Championship 2017,DAY4,1907 Fenerbahce,Samsung Galaxy,OTHER,LCK,0,1,BO1,international,worlds,False,False,https://gol.gg/game/stats/9017/page-summary/,https://gol.gg/tournament/tournament-matchlist/World%20Championship%202017/
9010,2017,2017-10-07,World Championship 2017,DAY3,Samsung Galaxy,Royal Never Give Up,LCK,LPL,0,1,BO1,international,worlds,False,False,https://gol.gg/game/stats/9010/page-summary/,https://gol.gg/tournament/tournament-matchlist/World%20Championship%202017/
8996,2017,2017-10-05,World Championship 2017,DAY1,G2 Esports,Samsung Galaxy,G2,LCK,0,1,BO1,international,worlds,False,False,https://gol.gg/game/stats/8996/page-summary/,https://gol.gg/tournament/tournament-matchlist/World%20Championship%202017/
9039,2017,2017-10-15,World Championship 2017,DAY8,ahq e-Sports Club,Edward Gaming,OTHER,LPL,0,1,BO1,international,worlds,False,False,https://gol.gg/game/stats/9039/page-summary/,https://gol.gg/tournament/tournament-matchlist/World%20Championship%202017/
9038,2017,2017-10-15,World Championship 2017,DAY8,Edward Gaming,Cloud 9,LPL,OTHER,1,0,BO1,international,worlds,False,False,https://gol.gg/game/stats/9038/page-summary/,https://gol.gg/tournament/tournament-matchlist/World%20Championship%202017/
9012,2017,2017-10-07,World Championship 2017,DAY3,Cloud 9,Edward Gaming,OTHER,LPL,1,0,BO1,international,worlds,False,False,https://gol.gg/game/stats/9012/page-summary/,https://gol.gg/tournament/tournament-matchlist/World%20Championship%202017/
9000,2017,2017-10-05,World Championship 2017,DAY1,Edward Gaming,ahq e-Sports Club,LPL,OTHER,0,1,BO1,international,worlds,False,False,https://gol.gg/game/stats/9000/page-summary/,https://gol.gg/tournament/tournament-matchlist/World%20Championship%202017/
9056,2017,2017-10-21,World Championship 2017,QF,Fnatic,Royal Never Give Up,OTHER,LPL,1,3,BO5,international,worlds,False,False,https://gol.gg/game/stats/9056/page-summary/,https://gol.gg/tournament/tournament-matchlist/World%20Championship%202017/
9028,2017,2017-10-13,World Championship 2017,DAY6,1907 Fenerbahce,Royal Never Give Up,OTHER,LPL,0,1,BO1,international,worlds,False,False,https://gol.gg/game/stats/9028/page-summary/,https://gol.gg/tournament/tournament-matchlist/World%20Championship%202017/
9025,2017,2017-10-13,World Championship 2017,DAY6,G2 Esports,Royal Never Give Up,G2,LPL,1,0,BO1,international,worlds,False,False,https://gol.gg/game/stats/9025/page-summary/,https://gol.gg/tournament/tournament-matchlist/World%20Championship%202017/
9018,2017,2017-10-08,World Championship 2017,DAY4,Royal Never Give Up,G2 Esports,LPL,G2,1,0,BO1,international,worlds,False,False,https://gol.gg/game/stats/9018/page-summary/,https://gol.gg/tournament/tournament-matchlist/World%20Championship%202017/
8995,2017,2017-10-05,World Championship 2017,DAY1,Royal Never Give Up,1907 Fenerbahce,LPL,OTHER,1,0,BO1,international,worlds,False,False,https://gol.gg/game/stats/8995/page-summary/,https://gol.gg/tournament/tournament-matchlist/World%20Championship%202017/
9061,2017,2017-10-22,World Championship 2017,QF,Team WE,Cloud 9,LPL,OTHER,3,2,BO5,international,worlds,False,False,https://gol.gg/game/stats/9061/page-summary/,https://gol.gg/tournament/tournament-matchlist/World%20Championship%202017/
9036,2017,2017-10-14,World Championship 2017,DAY7,Misfits,Team WE,OTHER,LPL,0,1,BO1,international,worlds,False,False,https://gol.gg/game/stats/9036/page-summary/,https://gol.gg/tournament/tournament-matchlist/World%20Championship%202017/
9033,2017,2017-10-14,World Championship 2017,DAY7,Flash Wolves,Team WE,OTHER,LPL,0,1,BO1,international,worlds,False,False,https://gol.gg/game/stats/9033/page-summary/,https://gol.gg/tournament/tournament-matchlist/World%20Championship%202017/
9032,2017,2017-10-14,World Championship 2017,DAY7,Team WE,Team SoloMid,LPL,OTHER,1,0,BO1,international,worlds,False,False,https://gol.gg/game/stats/9032/page-summary/,https://gol.gg/tournament/tournament-matchlist/World%20Championship%202017/
9013,2017,2017-10-08,World Championship 2017,DAY4,Team WE,Flash Wolves,LPL,OTHER,1,0,BO1,international,worlds,False,False,https://gol.gg/game/stats/9013/page-summary/,https://gol.gg/tournament/tournament-matchlist/World%20Championship%202017/
9007,2017,2017-10-07,World Championship 2017,DAY3,Team SoloMid,Team WE,OTHER,LPL,1,0,BO1,international,worlds,False,False,https://gol.gg/game/stats/9007/page-summary/,https://gol.gg/tournament/tournament-matchlist/World%20Championship%202017/
9002,2017,2017-10-06,World Championship 2017,DAY2,Team WE,Misfits,LPL,OTHER,1,0,BO1,international,worlds,False,False,https://gol.gg/game/stats/9002/page-summary/,https://gol.gg/tournament/tournament-matchlist/World%20Championship%202017/
8992,2017,2017-09-29,World Championship Play-In 2017,FINALS,Team WE,Young Generation,LPL,OTHER,3,0,BO5,international,worlds,False,False,https://gol.gg/game/stats/8992/page-summary/,https://gol.gg/tournament/tournament-matchlist/World%20Championship%20Play-In%202017/
8964,2017,2017-09-24,World Championship Play-In 2017,DAY2,Team WE,Gambit Esports,LPL,OTHER,1,0,BO1,international,worlds,False,False,https://gol.gg/game/stats/8964/page-summary/,https://gol.gg/tournament/tournament-matchlist/World%20Championship%20Play-In%202017/
8960,2017,2017-09-24,World Championship Play-In 2017,DAY2,Lyon Gaming,Team WE,OTHER,LPL,0,1,BO1,international,worlds,False,False,https://gol.gg/game/stats/8960/page-summary/,https://gol.gg/tournament/tournament-matchlist/World%20Championship%20Play-In%202017/
8957,2017,2017-09-23,World Championship Play-In 2017,DAY1,Gambit Esports,Team WE,OTHER,LPL,0,1,BO1,international,worlds,False,False,https://gol.gg/game/stats/8957/page-summary/,https://gol.gg/tournament/tournament-matchlist/World%20Championship%20Play-In%202017/
8953,2017,2017-09-23,World Championship Play-In 2017,DAY1,Team WE,Lyon Gaming,LPL,OTHER,1,0,BO1,international,worlds,False,False,https://gol.gg/game/stats/8953/page-summary/,https://gol.gg/tournament/tournament-matchlist/World%20Championship%20Play-In%202017/
7023,2017,2017-05-20,Mid-Season Invitational 2017,SF,Team WE,G2 Esports,LPL,G2,1,3,BO5,international,msi,False,False,https://gol.gg/game/stats/7023/page-summary/,https://gol.gg/tournament/tournament-matchlist/Mid-Season%20Invitational%202017/
7013,2017,2017-05-14,Mid-Season Invitational 2017,DAY5,Team WE,GIGABYTE Marines,LPL,OTHER,1,0,BO1,international,msi,False,False,https://gol.gg/game/stats/7013/page-summary/,https://gol.gg/tournament/tournament-matchlist/Mid-Season%20Invitational%202017/
7010,2017,2017-05-13,Mid-Season Invitational 2017,DAY4,Flash Wolves,Team WE,OTHER,LPL,0,1,BO1,international,msi,False,False,https://gol.gg/game/stats/7010/page-summary/,https://gol.gg/tournament/tournament-matchlist/Mid-Season%20Invitational%202017/
7005,2017,2017-05-13,Mid-Season Invitational 2017,DAY4,Team WE,G2 Esports,LPL,G2,1,0,BO1,international,msi,False,False,https://gol.gg/game/stats/7005/page-summary/,https://gol.gg/tournament/tournament-matchlist/Mid-Season%20Invitational%202017/
7004,2017,2017-05-12,Mid-Season Invitational 2017,DAY3,Team WE,Team SoloMid,LPL,OTHER,1,0,BO1,international,msi,False,False,https://gol.gg/game/stats/7004/page-summary/,https://gol.gg/tournament/tournament-matchlist/Mid-Season%20Invitational%202017/
7001,2017,2017-05-12,Mid-Season Invitational 2017,DAY3,GIGABYTE Marines,Team WE,OTHER,LPL,1,0,BO1,international,msi,False,False,https://gol.gg/game/stats/7001/page-summary/,https://gol.gg/tournament/tournament-matchlist/Mid-Season%20Invitational%202017/
6995,2017,2017-05-11,Mid-Season Invitational 2017,DAY2,G2 Esports,Team WE,G2,LPL,0,1,BO1,international,msi,False,False,https://gol.gg/game/stats/6995/page-summary/,https://gol.gg/tournament/tournament-matchlist/Mid-Season%20Invitational%202017/
6992,2017,2017-05-10,Mid-Season Invitational 2017,DAY1,Team SoloMid,Team WE,OTHER,LPL,1,0,BO1,international,msi,False,False,https://gol.gg/game/stats/6992/page-summary/,https://gol.gg/tournament/tournament-matchlist/Mid-Season%20Invitational%202017/
6988,2017,2017-05-10,Mid-Season Invitational 2017,DAY1,Team WE,Flash Wolves,LPL,OTHER,1,0,BO1,international,msi,False,False,https://gol.gg/game/stats/6988/page-summary/,https://gol.gg/tournament/tournament-matchlist/Mid-Season%20Invitational%202017/
14514,2018,2018-10-21,World Championship 2018,QF,Cloud9,Afreeca Freecs,OTHER,LCK,3,0,BO5,international,worlds,False,False,https://gol.gg/game/stats/14514/page-summary/,https://gol.gg/tournament/tournament-matchlist/World%20Championship%202018/
14488,2018,2018-10-15,World Championship 2018,DAY6,G2 Esports,Afreeca Freecs,G2,LCK,0,1,BO1,international,worlds,False,False,https://gol.gg/game/stats/14488/page-summary/,https://gol.gg/tournament/tournament-matchlist/World%20Championship%202018/
14486,2018,2018-10-15,World Championship 2018,DAY6,Phong Vu Buffalo,Afreeca Freecs,OTHER,LCK,0,1,BO1,international,worlds,False,False,https://gol.gg/game/stats/14486/page-summary/,https://gol.gg/tournament/tournament-matchlist/World%20Championship%202018/
14483,2018,2018-10-15,World Championship 2018,DAY6,Afreeca Freecs,Flash Wolves,LCK,OTHER,1,0,BO1,international,worlds,False,False,https://gol.gg/game/stats/14483/page-summary/,https://gol.gg/tournament/tournament-matchlist/World%20Championship%202018/
14471,2018,2018-10-13,World Championship 2018,DAY4,Afreeca Freecs,Phong Vu Buffalo,LCK,OTHER,1,0,BO1,international,worlds,False,False,https://gol.gg/game/stats/14471/page-summary/,https://gol.gg/tournament/tournament-matchlist/World%20Championship%202018/
14459,2018,2018-10-11,World Championship 2018,DAY2,Flash Wolves,Afreeca Freecs,OTHER,LCK,1,0,BO1,international,worlds,False,False,https://gol.gg/game/stats/14459/page-summary/,https://gol.gg/tournament/tournament-matchlist/World%20Championship%202018/
14456,2018,2018-10-10,World Championship 2018,DAY1,Afreeca Freecs,G2 Esports,LCK,G2,0,1,BO1,international,worlds,False,False,https://gol.gg/game/stats/14456/page-summary/,https://gol.gg/tournament/tournament-matchlist/World%20Championship%202018/
14482,2018,2018-10-14,World Championship 2018,DAY5,Royal Never Give Up,Gen.G eSports,LPL,LCK,1,0,BO1,international,worlds,False,False,https://gol.gg/game/stats/14482/page-summary/,https://gol.gg/tournament/tournament-matchlist/World%20Championship%202018/
14479,2018,2018-10-14,World Championship 2018,DAY5,Team Vitality,Gen.G eSports,OTHER,LCK,1,0,BO1,international,worlds,False,False,https://gol.gg/game/stats/14479/page-summary/,https://gol.gg/tournament/tournament-matchlist/World%20Championship%202018/
14478,2018,2018-10-14,World Championship 2018,DAY5,Gen.G eSports,Cloud9,LCK,OTHER,0,1,BO1,international,worlds,False,False,https://gol.gg/game/stats/14478/page-summary/,https://gol.gg/tournament/tournament-matchlist/World%20Championship%202018/
14470,2018,2018-10-12,World Championship 2018,DAY3,Cloud9,Gen.G eSports,OTHER,LCK,0,1,BO1,international,worlds,False,False,https://gol.gg/game/stats/14470/page-summary/,https://gol.gg/tournament/tournament-matchlist/World%20Championship%202018/
14464,2018,2018-10-11,World Championship 2018,DAY2,Gen.G eSports,Royal Never Give Up,LCK,LPL,0,1,BO1,international,worlds,False,False,https://gol.gg/game/stats/14464/page-summary/,https://gol.gg/tournament/tournament-matchlist/World%20Championship%202018/
14458,2018,2018-10-10,World Championship 2018,DAY1,Gen.G eSports,Team Vitality,LCK,OTHER,0,1,BO1,international,worlds,False,False,https://gol.gg/game/stats/14458/page-summary/,https://gol.gg/tournament/tournament-matchlist/World%20Championship%202018/
14504,2018,2018-10-20,World Championship 2018,QF,KT Rolster,Invictus Gaming,LCK,LPL,2,3,BO5,international,worlds,False,False,https://gol.gg/game/stats/14504/page-summary/,https://gol.gg/tournament/tournament-matchlist/World%20Championship%202018/
14494,2018,2018-10-16,World Championship 2018,DAY7,KT Rolster,MAD Team,LCK,OTHER,1,0,BO1,international,worlds,False,False,https://gol.gg/game/stats/14494/page-summary/,https://gol.gg/tournament/tournament-matchlist/World%20Championship%202018/
14492,2018,2018-10-16,World Championship 2018,DAY7,Edward Gaming,KT Rolster,LPL,LCK,1,0,BO1,international,worlds,False,False,https://gol.gg/game/stats/14492/page-summary/,https://gol.gg/tournament/tournament-matchlist/World%20Championship%202018/
14489,2018,2018-10-16,World Championship 2018,DAY7,Team Liquid,KT Rolster,OTHER,LCK,0,1,BO1,international,worlds,False,False,https://gol.gg/game/stats/14489/page-summary/,https://gol.gg/tournament/tournament-matchlist/World%20Championship%202018/
14476,2018,2018-10-13,World Championship 2018,DAY4,KT Rolster,Edward Gaming,LCK,LPL,1,0,BO1,international,worlds,False,False,https://gol.gg/game/stats/14476/page-summary/,https://gol.gg/tournament/tournament-matchlist/World%20Championship%202018/
14465,2018,2018-10-12,World Championship 2018,DAY3,MAD Team,KT Rolster,OTHER,LCK,0,1,BO1,international,worlds,False,False,https://gol.gg/game/stats/14465/page-summary/,https://gol.gg/tournament/tournament-matchlist/World%20Championship%202018/
14453,2018,2018-10-10,World Championship 2018,DAY1,KT Rolster,Team Liquid,LCK,OTHER,1,0,BO1,international,worlds,False,False,https://gol.gg/game/stats/14453/page-summary/,https://gol.gg/tournament/tournament-matchlist/World%20Championship%202018/
14519,2018,2018-10-21,World Championship 2018,QF,Fnatic,Edward Gaming,OTHER,LPL,3,1,BO5,international,worlds,False,False,https://gol.gg/game/stats/14519/page-summary/,https://gol.gg/tournament/tournament-matchlist/World%20Championship%202018/
14493,2018,2018-10-16,World Championship 2018,DAY7,Edward Gaming,Team Liquid,LPL,OTHER,0,1,BO1,international,worlds,False,False,https://gol.gg/game/stats/14493/page-summary/,https://gol.gg/tournament/tournament-matchlist/World%20Championship%202018/
14490,2018,2018-10-16,World Championship 2018,DAY7,MAD Team,Edward Gaming,OTHER,LPL,0,1,BO1,international,worlds,False,False,https://gol.gg/game/stats/14490/page-summary/,https://gol.gg/tournament/tournament-matchlist/World%20Championship%202018/
14466,2018,2018-10-12,World Championship 2018,DAY3,Team Liquid,Edward Gaming,OTHER,LPL,0,1,BO1,international,worlds,False,False,https://gol.gg/game/stats/14466/page-summary/,https://gol.gg/tournament/tournament-matchlist/World%20Championship%202018/
14454,2018,2018-10-10,World Championship 2018,DAY1,Edward Gaming,MAD Team,LPL,OTHER,1,0,BO1,international,worlds,False,False,https://gol.gg/game/stats/14454/page-summary/,https://gol.gg/tournament/tournament-matchlist/World%20Championship%202018/
14439,2018,2018-10-06,World Championship Play-In 2018,FINALS,Detonation FocusMe,Edward Gaming,OTHER,LPL,0,3,BO5,international,worlds,False,False,https://gol.gg/game/stats/14439/page-summary/,https://gol.gg/tournament/tournament-matchlist/World%20Championship%20Play-In%202018/
14431,2018,2018-10-04,World Championship Play-In 2018,DAY4,Edward Gaming,Dire Wolves,LPL,OTHER,1,0,BO1,international,worlds,False,False,https://gol.gg/game/stats/14431/page-summary/,https://gol.gg/tournament/tournament-matchlist/World%20Championship%20Play-In%202018/
14427,2018,2018-10-04,World Championship Play-In 2018,DAY4,Infinity eSports,Edward Gaming,OTHER,LPL,1,0,BO1,international,worlds,False,False,https://gol.gg/game/stats/14427/page-summary/,https://gol.gg/tournament/tournament-matchlist/World%20Championship%20Play-In%202018/
14403,2018,2018-10-02,World Championship Play-In 2018,DAY2,Dire Wolves,Edward Gaming,OTHER,LPL,0,1,BO1,international,worlds,False,False,https://gol.gg/game/stats/14403/page-summary/,https://gol.gg/tournament/tournament-matchlist/World%20Championship%20Play-In%202018/
14399,2018,2018-10-02,World Championship Play-In 2018,DAY2,Edward Gaming,Infinity eSports,LPL,OTHER,1,0,BO1,international,worlds,False,False,https://gol.gg/game/stats/14399/page-summary/,https://gol.gg/tournament/tournament-matchlist/World%20Championship%20Play-In%202018/
14531,2018,2018-11-03,World Championship 2018,FINALS,Fnatic,Invictus Gaming,OTHER,LPL,0,3,BO5,international,worlds,False,False,https://gol.gg/game/stats/14531/page-summary/,https://gol.gg/tournament/tournament-matchlist/World%20Championship%202018/
14523,2018,2018-10-27,World Championship 2018,SF,Invictus Gaming,G2 Esports,LPL,G2,3,0,BO5,international,worlds,False,False,https://gol.gg/game/stats/14523/page-summary/,https://gol.gg/tournament/tournament-matchlist/World%20Championship%202018/
14503,2018,2018-10-17,World Championship 2018,DAY8,Fnatic,Invictus Gaming,OTHER,LPL,1,0,BO1,international,worlds,False,False,https://gol.gg/game/stats/14503/page-summary/,https://gol.gg/tournament/tournament-matchlist/World%20Championship%202018/
14500,2018,2018-10-17,World Championship 2018,DAY8,Invictus Gaming,Fnatic,LPL,OTHER,0,1,BO1,international,worlds,False,False,https://gol.gg/game/stats/14500/page-summary/,https://gol.gg/tournament/tournament-matchlist/World%20Championship%202018/
14498,2018,2018-10-17,World Championship 2018,DAY8,100 Thieves,Invictus Gaming,OTHER,LPL,0,1,BO1,international,worlds,False,False,https://gol.gg/game/stats/14498/page-summary/,https://gol.gg/tournament/tournament-matchlist/World%20Championship%202018/
14496,2018,2018-10-17,World Championship 2018,DAY8,G-Rex,Invictus Gaming,OTHER,LPL,0,1,BO1,international,worlds,False,False,https://gol.gg/game/stats/14496/page-summary/,https://gol.gg/tournament/tournament-matchlist/World%20Championship%202018/
14473,2018,2018-10-13,World Championship 2018,DAY4,Invictus Gaming,100 Thieves,LPL,OTHER,1,0,BO1,international,worlds,False,False,https://gol.gg/game/stats/14473/page-summary/,https://gol.gg/tournament/tournament-matchlist/World%20Championship%202018/
14467,2018,2018-10-12,World Championship 2018,DAY3,Fnatic,Invictus Gaming,OTHER,LPL,0,1,BO1,international,worlds,False,False,https://gol.gg/game/stats/14467/page-summary/,https://gol.gg/tournament/tournament-matchlist/World%20Championship%202018/
14462,2018,2018-10-11,World Championship 2018,DAY2,Invictus Gaming,G-Rex,LPL,OTHER,1,0,BO1,international,worlds,False,False,https://gol.gg/game/stats/14462/page-summary/,https://gol.gg/tournament/tournament-matchlist/World%20Championship%202018/
14509,2018,2018-10-20,World Championship 2018,QF,Royal Never Give Up,G2 Esports,LPL,G2,2,3,BO5,international,worlds,False,False,https://gol.gg/game/stats/14509/page-summary/,https://gol.gg/tournament/tournament-matchlist/World%20Championship%202018/
14501,2018,2018-10-14,World Championship 2018,DAY5,Royal Never Give Up,Cloud9,LPL,OTHER,1,0,BO1,international,worlds,False,False,https://gol.gg/game/stats/14501/page-summary/,https://gol.gg/tournament/tournament-matchlist/World%20Championship%202018/
14480,2018,2018-10-14,World Championship 2018,DAY5,Cloud9,Royal Never Give Up,OTHER,LPL,1,0,BO1,international,worlds,False,False,https://gol.gg/game/stats/14480/page-summary/,https://gol.gg/tournament/tournament-matchlist/World%20Championship%202018/
14477,2018,2018-10-14,World Championship 2018,DAY5,Team Vitality,Royal Never Give Up,OTHER,LPL,1,0,BO1,international,worlds,False,False,https://gol.gg/game/stats/14477/page-summary/,https://gol.gg/tournament/tournament-matchlist/World%20Championship%202018/
14469,2018,2018-10-12,World Championship 2018,DAY3,Royal Never Give Up,Team Vitality,LPL,OTHER,1,0,BO1,international,worlds,False,False,https://gol.gg/game/stats/14469/page-summary/,https://gol.gg/tournament/tournament-matchlist/World%20Championship%202018/
14457,2018,2018-10-10,World Championship 2018,DAY1,Royal Never Give Up,Cloud9,LPL,OTHER,1,0,BO1,international,worlds,False,False,https://gol.gg/game/stats/14457/page-summary/,https://gol.gg/tournament/tournament-matchlist/World%20Championship%202018/
11647,2018,2018-05-20,Mid-Season Invitational 2018,FINALS,Royal Never Give Up,Kingzone DragonX,LPL,LCK,3,1,BO5,international,msi,False,False,https://gol.gg/game/stats/11647/page-summary/,https://gol.gg/tournament/tournament-matchlist/Mid-Season%20Invitational%202018/
11638,2018,2018-05-18,Mid-Season Invitational 2018,SF,Fnatic,Royal Never Give Up,OTHER,LPL,0,3,BO5,international,msi,False,False,https://gol.gg/game/stats/11638/page-summary/,https://gol.gg/tournament/tournament-matchlist/Mid-Season%20Invitational%202018/
11636,2018,2018-05-15,Mid-Season Invitational 2018,DAY5,Flash Wolves,Royal Never Give Up,OTHER,LPL,0,1,BO1,international,msi,False,False,https://gol.gg/game/stats/11636/page-summary/,https://gol.gg/tournament/tournament-matchlist/Mid-Season%20Invitational%202018/
11635,2018,2018-05-15,Mid-Season Invitational 2018,DAY5,Team Liquid,Royal Never Give Up,OTHER,LPL,0,1,BO1,international,msi,False,False,https://gol.gg/game/stats/11635/page-summary/,https://gol.gg/tournament/tournament-matchlist/Mid-Season%20Invitational%202018/
11631,2018,2018-05-15,Mid-Season Invitational 2018,DAY5,EVOS Esports,Royal Never Give Up,OTHER,LPL,0,1,BO1,international,msi,False,False,https://gol.gg/game/stats/11631/page-summary/,https://gol.gg/tournament/tournament-matchlist/Mid-Season%20Invitational%202018/
11627,2018,2018-05-14,Mid-Season Invitational 2018,DAY4,Royal Never Give Up,Flash Wolves,LPL,OTHER,1,0,BO1,international,msi,False,False,https://gol.gg/game/stats/11627/page-summary/,https://gol.gg/tournament/tournament-matchlist/Mid-Season%20Invitational%202018/
11624,2018,2018-05-14,Mid-Season Invitational 2018,DAY4,Kingzone DragonX,Royal Never Give Up,LCK,LPL,0,1,BO1,international,msi,False,False,https://gol.gg/game/stats/11624/page-summary/,https://gol.gg/tournament/tournament-matchlist/Mid-Season%20Invitational%202018/
11621,2018,2018-05-13,Mid-Season Invitational 2018,DAY3,Royal Never Give Up,Fnatic,LPL,OTHER,1,0,BO1,international,msi,False,False,https://gol.gg/game/stats/11621/page-summary/,https://gol.gg/tournament/tournament-matchlist/Mid-Season%20Invitational%202018/
11618,2018,2018-05-13,Mid-Season Invitational 2018,DAY3,Royal Never Give Up,Team Liquid,LPL,OTHER,0,1,BO1,international,msi,False,False,https://gol.gg/game/stats/11618/page-summary/,https://gol.gg/tournament/tournament-matchlist/Mid-Season%20Invitational%202018/
11616,2018,2018-05-12,Mid-Season Invitational 2018,DAY2,Flash Wolves,Royal Never Give Up,OTHER,LPL,1,0,BO1,international,msi,False,False,https://gol.gg/game/stats/11616/page-summary/,https://gol.gg/tournament/tournament-matchlist/Mid-Season%20Invitational%202018/
11613,2018,2018-05-12,Mid-Season Invitational 2018,DAY2,Royal Never Give Up,EVOS Esports,LPL,OTHER,1,0,BO1,international,msi,False,False,https://gol.gg/game/stats/11613/page-summary/,https://gol.gg/tournament/tournament-matchlist/Mid-Season%20Invitational%202018/
11611,2018,2018-05-11,Mid-Season Invitational 2018,DAY1,Royal Never Give Up,Kingzone DragonX,LPL,LCK,0,1,BO1,international,msi,False,False,https://gol.gg/game/stats/11611/page-summary/,https://gol.gg/tournament/tournament-matchlist/Mid-Season%20Invitational%202018/
11606,2018,2018-05-11,Mid-Season Invitational 2018,DAY1,Fnatic,Royal Never Give Up,OTHER,LPL,0,1,BO1,international,msi,False,False,https://gol.gg/game/stats/11606/page-summary/,https://gol.gg/tournament/tournament-matchlist/Mid-Season%20Invitational%202018/
20480,2019,2019-10-27,World Championship 2019,QF,G2 Esports,DAMWON Gaming,G2,LCK,3,1,BO5,international,worlds,False,False,https://gol.gg/game/stats/20480/page-summary/,https://gol.gg/tournament/tournament-matchlist/World%20Championship%202019/
20461,2019,2019-10-20,World Championship 2019,DAY8,DAMWON Gaming,ahq e-Sports Club,LCK,OTHER,1,0,BO1,international,worlds,False,False,https://gol.gg/game/stats/20461/page-summary/,https://gol.gg/tournament/tournament-matchlist/World%20Championship%202019/
20460,2019,2019-10-20,World Championship 2019,DAY8,DAMWON Gaming,Invictus Gaming,LCK,LPL,1,0,BO1,international,worlds,False,False,https://gol.gg/game/stats/20460/page-summary/,https://gol.gg/tournament/tournament-matchlist/World%20Championship%202019/
20458,2019,2019-10-20,World Championship 2019,DAY8,Team Liquid,DAMWON Gaming,OTHER,LCK,0,1,BO1,international,worlds,False,False,https://gol.gg/game/stats/20458/page-summary/,https://gol.gg/tournament/tournament-matchlist/World%20Championship%202019/
20427,2019,2019-10-14,World Championship 2019,DAY3,Invictus Gaming,DAMWON Gaming,LPL,LCK,0,1,BO1,international,worlds,False,False,https://gol.gg/game/stats/20427/page-summary/,https://gol.gg/tournament/tournament-matchlist/World%20Championship%202019/
20424,2019,2019-10-13,World Championship 2019,DAY2,ahq e-Sports Club,DAMWON Gaming,OTHER,LCK,0,1,BO1,international,worlds,False,False,https://gol.gg/game/stats/20424/page-summary/,https://gol.gg/tournament/tournament-matchlist/World%20Championship%202019/
20418,2019,2019-10-12,World Championship 2019,DAY1,DAMWON Gaming,Team Liquid,LCK,OTHER,0,1,BO1,international,worlds,False,False,https://gol.gg/game/stats/20418/page-summary/,https://gol.gg/tournament/tournament-matchlist/World%20Championship%202019/
20395,2019,2019-10-07,World Championship Play-In 2019,KNOCKOUTSTAGE,Lowkey Esports.Vietnam,DAMWON Gaming,OTHER,LCK,1,3,BO5,international,worlds,False,False,https://gol.gg/game/stats/20395/page-summary/,https://gol.gg/tournament/tournament-matchlist/World%20Championship%20Play-In%202019/
20384,2019,2019-10-05,World Championship Play-In 2019,DAY4,Flamengo eSports,DAMWON Gaming,OTHER,LCK,0,1,BO1,international,worlds,False,False,https://gol.gg/game/stats/20384/page-summary/,https://gol.gg/tournament/tournament-matchlist/World%20Championship%20Play-In%202019/
20382,2019,2019-10-05,World Championship Play-In 2019,DAY4,DAMWON Gaming,Royal Youth,LCK,OTHER,1,0,BO1,international,worlds,False,False,https://gol.gg/game/stats/20382/page-summary/,https://gol.gg/tournament/tournament-matchlist/World%20Championship%20Play-In%202019/
20372,2019,2019-10-03,World Championship Play-In 2019,DAY2,DAMWON Gaming,Flamengo eSports,LCK,OTHER,1,0,BO1,international,worlds,False,False,https://gol.gg/game/stats/20372/page-summary/,https://gol.gg/tournament/tournament-matchlist/World%20Championship%20Play-In%202019/
20370,2019,2019-10-03,World Championship Play-In 2019,DAY2,Royal Youth,DAMWON Gaming,OTHER,LCK,0,1,BO1,international,worlds,False,False,https://gol.gg/game/stats/20370/page-summary/,https://gol.gg/tournament/tournament-matchlist/World%20Championship%20Play-In%202019/
20465,2019,2019-10-26,World Championship 2019,QF,Invictus Gaming,Griffin,LPL,LCK,3,1,BO5,international,worlds,False,False,https://gol.gg/game/stats/20465/page-summary/,https://gol.gg/tournament/tournament-matchlist/World%20Championship%202019/
20464,2019,2019-10-18,World Championship 2019,TIEBREAKERS,G2 Esports,Griffin,G2,LCK,0,1,BO1,international,worlds,False,False,https://gol.gg/game/stats/20464/page-summary/,https://gol.gg/tournament/tournament-matchlist/World%20Championship%202019/
20450,2019,2019-10-18,World Championship 2019,DAY6,G2 Esports,Griffin,G2,LCK,0,1,BO1,international,worlds,False,False,https://gol.gg/game/stats/20450/page-summary/,https://gol.gg/tournament/tournament-matchlist/World%20Championship%202019/
20447,2019,2019-10-18,World Championship 2019,DAY6,Hong Kong Attitude,Griffin,OTHER,LCK,0,1,BO1,international,worlds,False,False,https://gol.gg/game/stats/20447/page-summary/,https://gol.gg/tournament/tournament-matchlist/World%20Championship%202019/
20445,2019,2019-10-18,World Championship 2019,DAY6,Griffin,Cloud9,LCK,OTHER,1,0,BO1,international,worlds,False,False,https://gol.gg/game/stats/20445/page-summary/,https://gol.gg/tournament/tournament-matchlist/World%20Championship%202019/
20437,2019,2019-10-15,World Championship 2019,DAY4,Cloud9,Griffin,OTHER,LCK,0,1,BO1,international,worlds,False,False,https://gol.gg/game/stats/20437/page-summary/,https://gol.gg/tournament/tournament-matchlist/World%20Championship%202019/
20431,2019,2019-10-14,World Championship 2019,DAY3,Griffin,Hong Kong Attitude,LCK,OTHER,1,0,BO1,international,worlds,False,False,https://gol.gg/game/stats/20431/page-summary/,https://gol.gg/tournament/tournament-matchlist/World%20Championship%202019/
20425,2019,2019-10-13,World Championship 2019,DAY2,Griffin,G2 Esports,LCK,G2,0,1,BO1,international,worlds,False,False,https://gol.gg/game/stats/20425/page-summary/,https://gol.gg/tournament/tournament-matchlist/World%20Championship%202019/
20489,2019,2019-11-03,World Championship 2019,SF,SK Telecom T1,G2 Esports,LCK,G2,1,3,BO5,international,worlds,False,False,https://gol.gg/game/stats/20489/page-summary/,https://gol.gg/tournament/tournament-matchlist/World%20Championship%202019/
20475,2019,2019-10-27,World Championship 2019,QF,Splyce,SK Telecom T1,OTHER,LCK,1,3,BO5,international,worlds,False,False,https://gol.gg/game/stats/20475/page-summary/,https://gol.gg/tournament/tournament-matchlist/World%20Championship%202019/
20455,2019,2019-10-19,World Championship 2019,DAY7,SK Telecom T1,Clutch Gaming,LCK,OTHER,1,0,BO1,international,worlds,False,False,https://gol.gg/game/stats/20455/page-summary/,https://gol.gg/tournament/tournament-matchlist/World%20Championship%202019/
20453,2019,2019-10-19,World Championship 2019,DAY7,SK Telecom T1,Fnatic,LCK,OTHER,0,1,BO1,international,worlds,False,False,https://gol.gg/game/stats/20453/page-summary/,https://gol.gg/tournament/tournament-matchlist/World%20Championship%202019/
20451,2019,2019-10-19,World Championship 2019,DAY7,Royal Never Give Up,SK Telecom T1,LPL,LCK,0,1,BO1,international,worlds,False,False,https://gol.gg/game/stats/20451/page-summary/,https://gol.gg/tournament/tournament-matchlist/World%20Championship%202019/
20434,2019,2019-10-15,World Championship 2019,DAY4,Clutch Gaming,SK Telecom T1,OTHER,LCK,0,1,BO1,international,worlds,False,False,https://gol.gg/game/stats/20434/page-summary/,https://gol.gg/tournament/tournament-matchlist/World%20Championship%202019/
20421,2019,2019-10-13,World Championship 2019,DAY2,SK Telecom T1,Royal Never Give Up,LCK,LPL,1,0,BO1,international,worlds,False,False,https://gol.gg/game/stats/20421/page-summary/,https://gol.gg/tournament/tournament-matchlist/World%20Championship%202019/
20415,2019,2019-10-12,World Championship 2019,DAY1,Fnatic,SK Telecom T1,OTHER,LCK,0,1,BO1,international,worlds,False,False,https://gol.gg/game/stats/20415/page-summary/,https://gol.gg/tournament/tournament-matchlist/World%20Championship%202019/
17280,2019,2019-05-18,Mid-Season Invitational 2019,SF,SK Telecom T1,G2 Esports,LCK,G2,2,3,BO5,international,msi,False,False,https://gol.gg/game/stats/17280/page-summary/,https://gol.gg/tournament/tournament-matchlist/Mid-Season%20Invitational%202019/
17274,2019,2019-05-14,Mid-Season Invitational 2019,DAY5,SK Telecom T1,Invictus Gaming,LCK,LPL,1,0,BO1,international,msi,False,False,https://gol.gg/game/stats/17274/page-summary/,https://gol.gg/tournament/tournament-matchlist/Mid-Season%20Invitational%202019/
17269,2019,2019-05-14,Mid-Season Invitational 2019,DAY5,SK Telecom T1,Team Liquid,LCK,OTHER,1,0,BO1,international,msi,False,False,https://gol.gg/game/stats/17269/page-summary/,https://gol.gg/tournament/tournament-matchlist/Mid-Season%20Invitational%202019/
17268,2019,2019-05-13,Mid-Season Invitational 2019,DAY4,Dashing Buffalo,SK Telecom T1,OTHER,LCK,0,1,BO1,international,msi,False,False,https://gol.gg/game/stats/17268/page-summary/,https://gol.gg/tournament/tournament-matchlist/Mid-Season%20Invitational%202019/
17266,2019,2019-05-13,Mid-Season Invitational 2019,DAY4,Flash Wolves,SK Telecom T1,OTHER,LCK,0,1,BO1,international,msi,False,False,https://gol.gg/game/stats/17266/page-summary/,https://gol.gg/tournament/tournament-matchlist/Mid-Season%20Invitational%202019/
17261,2019,2019-05-12,Mid-Season Invitational 2019,DAY3,SK Telecom T1,G2 Esports,LCK,G2,0,1,BO1,international,msi,False,False,https://gol.gg/game/stats/17261/page-summary/,https://gol.gg/tournament/tournament-matchlist/Mid-Season%20Invitational%202019/
17257,2019,2019-05-12,Mid-Season Invitational 2019,DAY3,Team Liquid,SK Telecom T1,OTHER,LCK,0,1,BO1,international,msi,False,False,https://gol.gg/game/stats/17257/page-summary/,https://gol.gg/tournament/tournament-matchlist/Mid-Season%20Invitational%202019/
17256,2019,2019-05-11,Mid-Season Invitational 2019,DAY2,Invictus Gaming,SK Telecom T1,LPL,LCK,1,0,BO1,international,msi,False,False,https://gol.gg/game/stats/17256/page-summary/,https://gol.gg/tournament/tournament-matchlist/Mid-Season%20Invitational%202019/
17254,2019,2019-05-11,Mid-Season Invitational 2019,DAY2,SK Telecom T1,Dashing Buffalo,LCK,OTHER,1,0,BO1,international,msi,False,False,https://gol.gg/game/stats/17254/page-summary/,https://gol.gg/tournament/tournament-matchlist/Mid-Season%20Invitational%202019/
17248,2019,2019-05-10,Mid-Season Invitational 2019,DAY1,SK Telecom T1,Flash Wolves,LCK,OTHER,1,0,BO1,international,msi,False,False,https://gol.gg/game/stats/17248/page-summary/,https://gol.gg/tournament/tournament-matchlist/Mid-Season%20Invitational%202019/
17245,2019,2019-05-10,Mid-Season Invitational 2019,DAY1,G2 Esports,SK Telecom T1,G2,LCK,1,0,BO1,international,msi,False,False,https://gol.gg/game/stats/17245/page-summary/,https://gol.gg/tournament/tournament-matchlist/Mid-Season%20Invitational%202019/
20493,2019,2019-11-10,World Championship 2019,FINALS,Funplus Phoenix,G2 Esports,LPL,G2,3,0,BO5,international,worlds,False,False,https://gol.gg/game/stats/20493/page-summary/,https://gol.gg/tournament/tournament-matchlist/World%20Championship%202019/
20470,2019,2019-10-26,World Championship 2019,QF,Funplus Phoenix,Fnatic,LPL,OTHER,3,1,BO5,international,worlds,False,False,https://gol.gg/game/stats/20470/page-summary/,https://gol.gg/tournament/tournament-matchlist/World%20Championship%202019/
20463,2019,2019-10-17,World Championship 2019,TIEBREAKERS,Funplus Phoenix,Splyce,LPL,OTHER,1,0,BO1,international,worlds,False,False,https://gol.gg/game/stats/20463/page-summary/,https://gol.gg/tournament/tournament-matchlist/World%20Championship%202019/
20444,2019,2019-10-17,World Championship 2019,DAY5,Funplus Phoenix,J Team,LPL,OTHER,1,0,BO1,international,worlds,False,False,https://gol.gg/game/stats/20444/page-summary/,https://gol.gg/tournament/tournament-matchlist/World%20Championship%202019/
20442,2019,2019-10-17,World Championship 2019,DAY5,Splyce,Funplus Phoenix,OTHER,LPL,1,0,BO1,international,worlds,False,False,https://gol.gg/game/stats/20442/page-summary/,https://gol.gg/tournament/tournament-matchlist/World%20Championship%202019/
20439,2019,2019-10-17,World Championship 2019,DAY5,GAM Esports,Funplus Phoenix,OTHER,LPL,0,1,BO1,international,worlds,False,False,https://gol.gg/game/stats/20439/page-summary/,https://gol.gg/tournament/tournament-matchlist/World%20Championship%202019/
20435,2019,2019-10-15,World Championship 2019,DAY4,Funplus Phoenix,GAM Esports,LPL,OTHER,1,0,BO1,international,worlds,False,False,https://gol.gg/game/stats/20435/page-summary/,https://gol.gg/tournament/tournament-matchlist/World%20Championship%202019/
20429,2019,2019-10-14,World Championship 2019,DAY3,Funplus Phoenix,Splyce,LPL,OTHER,1,0,BO1,international,worlds,False,False,https://gol.gg/game/stats/20429/page-summary/,https://gol.gg/tournament/tournament-matchlist/World%20Championship%202019/
20419,2019,2019-10-12,World Championship 2019,DAY1,J Team,Funplus Phoenix,OTHER,LPL,1,0,BO1,international,worlds,False,False,https://gol.gg/game/stats/20419/page-summary/,https://gol.gg/tournament/tournament-matchlist/World%20Championship%202019/
20484,2019,2019-11-02,World Championship 2019,SF,Funplus Phoenix,Invictus Gaming,LPL,LPL,3,1,BO5,international,worlds,False,False,https://gol.gg/game/stats/20484/page-summary/,https://gol.gg/tournament/tournament-matchlist/World%20Championship%202019/
20462,2019,2019-10-20,World Championship 2019,DAY8,Invictus Gaming,Team Liquid,LPL,OTHER,1,0,BO1,international,worlds,False,False,https://gol.gg/game/stats/20462/page-summary/,https://gol.gg/tournament/tournament-matchlist/World%20Championship%202019/
20457,2019,2019-10-20,World Championship 2019,DAY8,ahq e-Sports Club,Invictus Gaming,OTHER,LPL,0,1,BO1,international,worlds,False,False,https://gol.gg/game/stats/20457/page-summary/,https://gol.gg/tournament/tournament-matchlist/World%20Championship%202019/
20423,2019,2019-10-13,World Championship 2019,DAY2,Team Liquid,Invictus Gaming,OTHER,LPL,0,1,BO1,international,worlds,False,False,https://gol.gg/game/stats/20423/page-summary/,https://gol.gg/tournament/tournament-matchlist/World%20Championship%202019/
20417,2019,2019-10-12,World Championship 2019,DAY1,Invictus Gaming,ahq e-Sports Club,LPL,OTHER,1,0,BO1,international,worlds,False,False,https://gol.gg/game/stats/20417/page-summary/,https://gol.gg/tournament/tournament-matchlist/World%20Championship%202019/
17275,2019,2019-05-17,Mid-Season Invitational 2019,SF,Invictus Gaming,Team Liquid,LPL,OTHER,1,3,BO5,international,msi,False,False,https://gol.gg/game/stats/17275/page-summary/,https://gol.gg/tournament/tournament-matchlist/Mid-Season%20Invitational%202019/
17271,2019,2019-05-14,Mid-Season Invitational 2019,DAY5,Invictus Gaming,Flash Wolves,LPL,OTHER,1,0,BO1,international,msi,False,False,https://gol.gg/game/stats/17271/page-summary/,https://gol.gg/tournament/tournament-matchlist/Mid-Season%20Invitational%202019/
17267,2019,2019-05-13,Mid-Season Invitational 2019,DAY4,Invictus Gaming,Team Liquid,LPL,OTHER,1,0,BO1,international,msi,False,False,https://gol.gg/game/stats/17267/page-summary/,https://gol.gg/tournament/tournament-matchlist/Mid-Season%20Invitational%202019/
17265,2019,2019-05-13,Mid-Season Invitational 2019,DAY4,G2 Esports,Invictus Gaming,G2,LPL,0,1,BO1,international,msi,False,False,https://gol.gg/game/stats/17265/page-summary/,https://gol.gg/tournament/tournament-matchlist/Mid-Season%20Invitational%202019/
17262,2019,2019-05-12,Mid-Season Invitational 2019,DAY3,Invictus Gaming,Dashing Buffalo,LPL,OTHER,1,0,BO1,international,msi,False,False,https://gol.gg/game/stats/17262/page-summary/,https://gol.gg/tournament/tournament-matchlist/Mid-Season%20Invitational%202019/
17258,2019,2019-05-12,Mid-Season Invitational 2019,DAY3,Flash Wolves,Invictus Gaming,OTHER,LPL,0,1,BO1,international,msi,False,False,https://gol.gg/game/stats/17258/page-summary/,https://gol.gg/tournament/tournament-matchlist/Mid-Season%20Invitational%202019/
17253,2019,2019-05-11,Mid-Season Invitational 2019,DAY2,Team Liquid,Invictus Gaming,OTHER,LPL,0,1,BO1,international,msi,False,False,https://gol.gg/game/stats/17253/page-summary/,https://gol.gg/tournament/tournament-matchlist/Mid-Season%20Invitational%202019/
17249,2019,2019-05-10,Mid-Season Invitational 2019,DAY1,Invictus Gaming,G2 Esports,LPL,G2,1,0,BO1,international,msi,False,False,https://gol.gg/game/stats/17249/page-summary/,https://gol.gg/tournament/tournament-matchlist/Mid-Season%20Invitational%202019/
17247,2019,2019-05-10,Mid-Season Invitational 2019,DAY1,Dashing Buffalo,Invictus Gaming,OTHER,LPL,0,1,BO1,international,msi,False,False,https://gol.gg/game/stats/17247/page-summary/,https://gol.gg/tournament/tournament-matchlist/Mid-Season%20Invitational%202019/
20456,2019,2019-10-19,World Championship 2019,DAY7,Fnatic,Royal Never Give Up,OTHER,LPL,1,0,BO1,international,worlds,False,False,https://gol.gg/game/stats/20456/page-summary/,https://gol.gg/tournament/tournament-matchlist/World%20Championship%202019/
20454,2019,2019-10-19,World Championship 2019,DAY7,Clutch Gaming,Royal Never Give Up,OTHER,LPL,0,1,BO1,international,worlds,False,False,https://gol.gg/game/stats/20454/page-summary/,https://gol.gg/tournament/tournament-matchlist/World%20Championship%202019/
20433,2019,2019-10-15,World Championship 2019,DAY4,Royal Never Give Up,Fnatic,LPL,OTHER,1,0,BO1,international,worlds,False,False,https://gol.gg/game/stats/20433/page-summary/,https://gol.gg/tournament/tournament-matchlist/World%20Championship%202019/
20416,2019,2019-10-12,World Championship 2019,DAY1,Royal Never Give Up,Clutch Gaming,LPL,OTHER,1,0,BO1,international,worlds,False,False,https://gol.gg/game/stats/20416/page-summary/,https://gol.gg/tournament/tournament-matchlist/World%20Championship%202019/
27191,2020,2020-10-31,World Championship 2020,FINALS,DAMWON Gaming,Suning,LCK,LPL,3,1,BO5,international,worlds,False,False,https://gol.gg/game/stats/27191/page-summary/,https://gol.gg/tournament/tournament-matchlist/World%20Championship%202020/
27125,2020,2020-10-24,World Championship 2020,SEMIFINALS,G2 Esports,DAMWON Gaming,G2,LCK,1,3,BO5,international,worlds,False,False,https://gol.gg/game/stats/27125/page-summary/,https://gol.gg/tournament/tournament-matchlist/World%20Championship%202020/
27080,2020,2020-10-09,World Championship 2020,DAY6,JD Gaming,DAMWON Gaming,LPL,LCK,1,0,BO1,international,worlds,False,False,https://gol.gg/game/stats/27080/page-summary/,https://gol.gg/tournament/tournament-matchlist/World%20Championship%202020/
27077,2020,2020-10-09,World Championship 2020,DAY6,DAMWON Gaming,Rogue,LCK,OTHER,1,0,BO1,international,worlds,False,False,https://gol.gg/game/stats/27077/page-summary/,https://gol.gg/tournament/tournament-matchlist/World%20Championship%202020/
27075,2020,2020-10-09,World Championship 2020,DAY6,PSG Talon,DAMWON Gaming,OTHER,LCK,0,1,BO1,international,worlds,False,False,https://gol.gg/game/stats/27075/page-summary/,https://gol.gg/tournament/tournament-matchlist/World%20Championship%202020/
27059,2020,2020-10-05,World Championship 2020,DAY3,DAMWON Gaming,PSG Talon,LCK,OTHER,1,0,BO1,international,worlds,False,False,https://gol.gg/game/stats/27059/page-summary/,https://gol.gg/tournament/tournament-matchlist/World%20Championship%202020/
27053,2020,2020-10-04,World Championship 2020,DAY2,Rogue,DAMWON Gaming,OTHER,LCK,0,1,BO1,international,worlds,False,False,https://gol.gg/game/stats/27053/page-summary/,https://gol.gg/tournament/tournament-matchlist/World%20Championship%202020/
27048,2020,2020-10-03,World Championship 2020,DAY1,DAMWON Gaming,JD Gaming,LCK,LPL,1,0,BO1,international,worlds,False,False,https://gol.gg/game/stats/27048/page-summary/,https://gol.gg/tournament/tournament-matchlist/World%20Championship%202020/
27122,2020,2020-10-15,World Championship 2020,QUARTERFINALS,DAMWON Gaming,DragonX,LCK,LCK,3,0,BO5,international,worlds,False,False,https://gol.gg/game/stats/27122/page-summary/,https://gol.gg/tournament/tournament-matchlist/World%20Championship%202020/
27092,2020,2020-10-11,World Championship 2020,DAY8,DragonX,Top Esports,LCK,LPL,0,1,BO1,international,worlds,False,False,https://gol.gg/game/stats/27092/page-summary/,https://gol.gg/tournament/tournament-matchlist/World%20Championship%202020/
27089,2020,2020-10-11,World Championship 2020,DAY8,DragonX,Unicorns Of Love,LCK,OTHER,1,0,BO1,international,worlds,False,False,https://gol.gg/game/stats/27089/page-summary/,https://gol.gg/tournament/tournament-matchlist/World%20Championship%202020/
27087,2020,2020-10-11,World Championship 2020,DAY8,FlyQuest,DragonX,OTHER,LCK,0,1,BO1,international,worlds,False,False,https://gol.gg/game/stats/27087/page-summary/,https://gol.gg/tournament/tournament-matchlist/World%20Championship%202020/
27065,2020,2020-10-06,World Championship 2020,DAY4,DragonX,FlyQuest,LCK,OTHER,1,0,BO1,international,worlds,False,False,https://gol.gg/game/stats/27065/page-summary/,https://gol.gg/tournament/tournament-matchlist/World%20Championship%202020/
27062,2020,2020-10-05,World Championship 2020,DAY3,Top Esports,DragonX,LPL,LCK,1,0,BO1,international,worlds,False,False,https://gol.gg/game/stats/27062/page-summary/,https://gol.gg/tournament/tournament-matchlist/World%20Championship%202020/
27046,2020,2020-10-03,World Championship 2020,DAY1,Unicorns Of Love,DragonX,OTHER,LCK,0,1,BO1,international,worlds,False,False,https://gol.gg/game/stats/27046/page-summary/,https://gol.gg/tournament/tournament-matchlist/World%20Championship%202020/
27117,2020,2020-10-18,World Championship 2020,QUARTERFINALS,Gen.G eSports,G2 Esports,LCK,G2,0,3,BO5,international,worlds,False,False,https://gol.gg/game/stats/27117/page-summary/,https://gol.gg/tournament/tournament-matchlist/World%20Championship%202020/
27086,2020,2020-10-10,World Championship 2020,DAY7,Gen.G eSports,Fnatic,LCK,OTHER,1,0,BO1,international,worlds,False,False,https://gol.gg/game/stats/27086/page-summary/,https://gol.gg/tournament/tournament-matchlist/World%20Championship%202020/
27083,2020,2020-10-10,World Championship 2020,DAY7,TSM,Gen.G eSports,OTHER,LCK,0,1,BO1,international,worlds,False,False,https://gol.gg/game/stats/27083/page-summary/,https://gol.gg/tournament/tournament-matchlist/World%20Championship%202020/
27082,2020,2020-10-10,World Championship 2020,DAY7,LGD Gaming,Gen.G eSports,LPL,LCK,0,1,BO1,international,worlds,False,False,https://gol.gg/game/stats/27082/page-summary/,https://gol.gg/tournament/tournament-matchlist/World%20Championship%202020/
27067,2020,2020-10-06,World Championship 2020,DAY4,Fnatic,Gen.G eSports,OTHER,LCK,1,0,BO1,international,worlds,False,False,https://gol.gg/game/stats/27067/page-summary/,https://gol.gg/tournament/tournament-matchlist/World%20Championship%202020/
27055,2020,2020-10-04,World Championship 2020,DAY2,Gen.G eSports,TSM,LCK,OTHER,1,0,BO1,international,worlds,False,False,https://gol.gg/game/stats/27055/page-summary/,https://gol.gg/tournament/tournament-matchlist/World%20Championship%202020/
27049,2020,2020-10-03,World Championship 2020,DAY1,Gen.G eSports,LGD Gaming,LCK,LPL,1,0,BO1,international,worlds,False,False,https://gol.gg/game/stats/27049/page-summary/,https://gol.gg/tournament/tournament-matchlist/World%20Championship%202020/
27078,2020,2020-10-09,World Championship 2020,DAY6,JD Gaming,PSG Talon,LPL,OTHER,0,1,BO1,international,worlds,False,False,https://gol.gg/game/stats/27078/page-summary/,https://gol.gg/tournament/tournament-matchlist/World%20Championship%202020/
27076,2020,2020-10-09,World Championship 2020,DAY6,Rogue,JD Gaming,OTHER,LPL,0,1,BO1,international,worlds,False,False,https://gol.gg/game/stats/27076/page-summary/,https://gol.gg/tournament/tournament-matchlist/World%20Championship%202020/
27060,2020,2020-10-05,World Championship 2020,DAY3,JD Gaming,Rogue,LPL,OTHER,1,0,BO1,international,worlds,False,False,https://gol.gg/game/stats/27060/page-summary/,https://gol.gg/tournament/tournament-matchlist/World%20Championship%202020/
27054,2020,2020-10-04,World Championship 2020,DAY2,PSG Talon,JD Gaming,OTHER,LPL,0,1,BO1,international,worlds,False,False,https://gol.gg/game/stats/27054/page-summary/,https://gol.gg/tournament/tournament-matchlist/World%20Championship%202020/
27112,2020,2020-10-16,World Championship 2020,QUARTERFINALS,Suning,JD Gaming,LPL,LPL,3,1,BO5,international,worlds,False,False,https://gol.gg/game/stats/27112/page-summary/,https://gol.gg/tournament/tournament-matchlist/World%20Championship%202020/
27085,2020,2020-10-10,World Championship 2020,DAY7,LGD Gaming,TSM,LPL,OTHER,1,0,BO1,international,worlds,False,False,https://gol.gg/game/stats/27085/page-summary/,https://gol.gg/tournament/tournament-matchlist/World%20Championship%202020/
27084,2020,2020-10-10,World Championship 2020,DAY7,Fnatic,LGD Gaming,OTHER,LPL,1,0,BO1,international,worlds,False,False,https://gol.gg/game/stats/27084/page-summary/,https://gol.gg/tournament/tournament-matchlist/World%20Championship%202020/
27068,2020,2020-10-06,World Championship 2020,DAY4,TSM,LGD Gaming,OTHER,LPL,0,1,BO1,international,worlds,False,False,https://gol.gg/game/stats/27068/page-summary/,https://gol.gg/tournament/tournament-matchlist/World%20Championship%202020/
27056,2020,2020-10-04,World Championship 2020,DAY2,LGD Gaming,Fnatic,LPL,OTHER,1,0,BO1,international,worlds,False,False,https://gol.gg/game/stats/27056/page-summary/,https://gol.gg/tournament/tournament-matchlist/World%20Championship%202020/
27030,2020,2020-09-30,World Championship Play-In 2020,QUAL.ROUND,Legacy eSports,LGD Gaming,OTHER,LPL,0,3,BO5,international,worlds,False,False,https://gol.gg/game/stats/27030/page-summary/,https://gol.gg/tournament/tournament-matchlist/World%20Championship%20Play-In%202020/
27010,2020,2020-09-29,World Championship Play-In 2020,ELIM.ROUND,Rainbow7,LGD Gaming,OTHER,LPL,0,3,BO5,international,worlds,False,False,https://gol.gg/game/stats/27010/page-summary/,https://gol.gg/tournament/tournament-matchlist/World%20Championship%20Play-In%202020/
27007,2020,2020-09-27,World Championship Play-In 2020,TIEBREAKERS,LGD Gaming,V3 Esports,LPL,OTHER,1,0,BO1,international,worlds,False,False,https://gol.gg/game/stats/27007/page-summary/,https://gol.gg/tournament/tournament-matchlist/World%20Championship%20Play-In%202020/
26995,2020,2020-09-27,World Championship Play-In 2020,DAY3,Unicorns Of Love,LGD Gaming,OTHER,LPL,1,0,BO1,international,worlds,False,False,https://gol.gg/game/stats/26995/page-summary/,https://gol.gg/tournament/tournament-matchlist/World%20Championship%20Play-In%202020/
26992,2020,2020-09-27,World Championship Play-In 2020,DAY3,V3 Esports,LGD Gaming,OTHER,LPL,0,1,BO1,international,worlds,False,False,https://gol.gg/game/stats/26992/page-summary/,https://gol.gg/tournament/tournament-matchlist/World%20Championship%20Play-In%202020/
26988,2020,2020-09-26,World Championship Play-In 2020,DAY2,LGD Gaming,Rainbow7,LPL,OTHER,0,1,BO1,international,worlds,False,False,https://gol.gg/game/stats/26988/page-summary/,https://gol.gg/tournament/tournament-matchlist/World%20Championship%20Play-In%202020/
26978,2020,2020-09-25,World Championship Play-In 2020,DAY1,LGD Gaming,PSG Talon,LPL,OTHER,0,1,BO1,international,worlds,False,False,https://gol.gg/game/stats/26978/page-summary/,https://gol.gg/tournament/tournament-matchlist/World%20Championship%20Play-In%202020/
27106,2020,2020-10-08,World Championship 2020,TIEBREAKERS,Suning,G2 Esports,LPL,G2,1,0,BO1,international,worlds,False,False,https://gol.gg/game/stats/27106/page-summary/,https://gol.gg/tournament/tournament-matchlist/World%20Championship%202020/
27074,2020,2020-10-08,World Championship 2020,DAY5,Suning,G2 Esports,LPL,G2,1,0,BO1,international,worlds,False,False,https://gol.gg/game/stats/27074/page-summary/,https://gol.gg/tournament/tournament-matchlist/World%20Championship%202020/
27072,2020,2020-10-08,World Championship 2020,DAY5,Suning,Team Liquid,LPL,OTHER,0,1,BO1,international,worlds,False,False,https://gol.gg/game/stats/27072/page-summary/,https://gol.gg/tournament/tournament-matchlist/World%20Championship%202020/
27070,2020,2020-10-08,World Championship 2020,DAY5,Machi E-Sports,Suning,OTHER,LPL,0,1,BO1,international,worlds,False,False,https://gol.gg/game/stats/27070/page-summary/,https://gol.gg/tournament/tournament-matchlist/World%20Championship%202020/
27064,2020,2020-10-06,World Championship 2020,DAY4,Suning,Machi E-Sports,LPL,OTHER,1,0,BO1,international,worlds,False,False,https://gol.gg/game/stats/27064/page-summary/,https://gol.gg/tournament/tournament-matchlist/World%20Championship%202020/
27058,2020,2020-10-05,World Championship 2020,DAY3,Team Liquid,Suning,OTHER,LPL,0,1,BO1,international,worlds,False,False,https://gol.gg/game/stats/27058/page-summary/,https://gol.gg/tournament/tournament-matchlist/World%20Championship%202020/
27052,2020,2020-10-04,World Championship 2020,DAY2,G2 Esports,Suning,G2,LPL,1,0,BO1,international,worlds,False,False,https://gol.gg/game/stats/27052/page-summary/,https://gol.gg/tournament/tournament-matchlist/World%20Championship%202020/
27130,2020,2020-10-25,World Championship 2020,SEMIFINALS,Top Esports,Suning,LPL,LPL,1,3,BO5,international,worlds,False,False,https://gol.gg/game/stats/27130/page-summary/,https://gol.gg/tournament/tournament-matchlist/World%20Championship%202020/
27107,2020,2020-10-17,World Championship 2020,QUARTERFINALS,Top Esports,Fnatic,LPL,OTHER,3,2,BO5,international,worlds,False,False,https://gol.gg/game/stats/27107/page-summary/,https://gol.gg/tournament/tournament-matchlist/World%20Championship%202020/
27090,2020,2020-10-11,World Championship 2020,DAY8,Top Esports,FlyQuest,LPL,OTHER,0,1,BO1,international,worlds,False,False,https://gol.gg/game/stats/27090/page-summary/,https://gol.gg/tournament/tournament-matchlist/World%20Championship%202020/
27088,2020,2020-10-11,World Championship 2020,DAY8,Unicorns Of Love,Top Esports,OTHER,LPL,0,1,BO1,international,worlds,False,False,https://gol.gg/game/stats/27088/page-summary/,https://gol.gg/tournament/tournament-matchlist/World%20Championship%202020/
27066,2020,2020-10-06,World Championship 2020,DAY4,Top Esports,Unicorns Of Love,LPL,OTHER,1,0,BO1,international,worlds,False,False,https://gol.gg/game/stats/27066/page-summary/,https://gol.gg/tournament/tournament-matchlist/World%20Championship%202020/
27045,2020,2020-10-03,World Championship 2020,DAY1,FlyQuest,Top Esports,OTHER,LPL,0,1,BO1,international,worlds,False,False,https://gol.gg/game/stats/27045/page-summary/,https://gol.gg/tournament/tournament-matchlist/World%20Championship%202020/
35402,2021,2021-11-06,World Championship 2021,FINALS,DWG KIA,Edward Gaming,LCK,LPL,2,3,BO5,international,worlds,False,False,https://gol.gg/game/stats/35402/page-summary/,https://gol.gg/tournament/tournament-matchlist/World%20Championship%202021/
35342,2021,2021-10-24,World Championship 2021,QUARTERFINALS,DWG KIA,MAD Lions,LCK,OTHER,3,0,BO5,international,worlds,False,False,https://gol.gg/game/stats/35342/page-summary/,https://gol.gg/tournament/tournament-matchlist/World%20Championship%202021/
35260,2021,2021-10-15,World Championship 2021,DAY4,Cloud9,DWG KIA,OTHER,LCK,0,1,BO1,international,worlds,False,False,https://gol.gg/game/stats/35260/page-summary/,https://gol.gg/tournament/tournament-matchlist/World%20Championship%202021/
35258,2021,2021-10-15,World Championship 2021,DAY4,DWG KIA,Rogue,LCK,OTHER,1,0,BO1,international,worlds,False,False,https://gol.gg/game/stats/35258/page-summary/,https://gol.gg/tournament/tournament-matchlist/World%20Championship%202021/
35255,2021,2021-10-15,World Championship 2021,DAY4,Funplus Phoenix,DWG KIA,LPL,LCK,0,1,BO1,international,worlds,False,False,https://gol.gg/game/stats/35255/page-summary/,https://gol.gg/tournament/tournament-matchlist/World%20Championship%202021/
35252,2021,2021-10-13,World Championship 2021,DAY3,DWG KIA,Cloud9,LCK,OTHER,1,0,BO1,international,worlds,False,False,https://gol.gg/game/stats/35252/page-summary/,https://gol.gg/tournament/tournament-matchlist/World%20Championship%202021/
35240,2021,2021-10-12,World Championship 2021,DAY2,Rogue,DWG KIA,OTHER,LCK,0,1,BO1,international,worlds,False,False,https://gol.gg/game/stats/35240/page-summary/,https://gol.gg/tournament/tournament-matchlist/World%20Championship%202021/
35231,2021,2021-10-11,World Championship 2021,DAY1,DWG KIA,Funplus Phoenix,LCK,LPL,1,0,BO1,international,worlds,False,False,https://gol.gg/game/stats/35231/page-summary/,https://gol.gg/tournament/tournament-matchlist/World%20Championship%202021/
31322,2021,2021-05-23,MSI 2021,FINALS,Royal Never Give Up,DWG KIA,LPL,LCK,3,2,BO5,international,msi,False,False,https://gol.gg/game/stats/31322/page-summary/,https://gol.gg/tournament/tournament-matchlist/MSI%202021/
31317,2021,2021-05-22,MSI 2021,SEMIFINALS,DWG KIA,MAD Lions,LCK,OTHER,3,2,BO5,international,msi,False,False,https://gol.gg/game/stats/31317/page-summary/,https://gol.gg/tournament/tournament-matchlist/MSI%202021/
31310,2021,2021-05-18,MSI 2021,RUMBLE.DAY5,DWG KIA,Pentanet.GG,LCK,OTHER,1,0,BO1,international,msi,False,False,https://gol.gg/game/stats/31310/page-summary/,https://gol.gg/tournament/tournament-matchlist/MSI%202021/
31306,2021,2021-05-18,MSI 2021,RUMBLE.DAY5,Royal Never Give Up,DWG KIA,LPL,LCK,1,0,BO1,international,msi,False,False,https://gol.gg/game/stats/31306/page-summary/,https://gol.gg/tournament/tournament-matchlist/MSI%202021/
31304,2021,2021-05-17,MSI 2021,RUMBLE.DAY4,DWG KIA,PSG Talon,LCK,OTHER,1,0,BO1,international,msi,False,False,https://gol.gg/game/stats/31304/page-summary/,https://gol.gg/tournament/tournament-matchlist/MSI%202021/
31301,2021,2021-05-17,MSI 2021,RUMBLE.DAY4,MAD Lions,DWG KIA,OTHER,LCK,0,1,BO1,international,msi,False,False,https://gol.gg/game/stats/31301/page-summary/,https://gol.gg/tournament/tournament-matchlist/MSI%202021/
31298,2021,2021-05-16,MSI 2021,RUMBLE.DAY3,Cloud9,DWG KIA,OTHER,LCK,0,1,BO1,international,msi,False,False,https://gol.gg/game/stats/31298/page-summary/,https://gol.gg/tournament/tournament-matchlist/MSI%202021/
31296,2021,2021-05-16,MSI 2021,RUMBLE.DAY3,DWG KIA,MAD Lions,LCK,OTHER,1,0,BO1,international,msi,False,False,https://gol.gg/game/stats/31296/page-summary/,https://gol.gg/tournament/tournament-matchlist/MSI%202021/
31292,2021,2021-05-15,MSI 2021,RUMBLE.DAY2,Pentanet.GG,DWG KIA,OTHER,LCK,0,1,BO1,international,msi,False,False,https://gol.gg/game/stats/31292/page-summary/,https://gol.gg/tournament/tournament-matchlist/MSI%202021/
31289,2021,2021-05-15,MSI 2021,RUMBLE.DAY2,DWG KIA,Cloud9,LCK,OTHER,1,0,BO1,international,msi,False,False,https://gol.gg/game/stats/31289/page-summary/,https://gol.gg/tournament/tournament-matchlist/MSI%202021/
31284,2021,2021-05-14,MSI 2021,RUMBLE.DAY1,PSG Talon,DWG KIA,OTHER,LCK,0,1,BO1,international,msi,False,False,https://gol.gg/game/stats/31284/page-summary/,https://gol.gg/tournament/tournament-matchlist/MSI%202021/
31282,2021,2021-05-14,MSI 2021,RUMBLE.DAY1,DWG KIA,Royal Never Give Up,LCK,LPL,0,1,BO1,international,msi,False,False,https://gol.gg/game/stats/31282/page-summary/,https://gol.gg/tournament/tournament-matchlist/MSI%202021/
31279,2021,2021-05-11,MSI 2021,DAY6,Detonation FocusMe,DWG KIA,OTHER,LCK,0,1,BO1,international,msi,False,False,https://gol.gg/game/stats/31279/page-summary/,https://gol.gg/tournament/tournament-matchlist/MSI%202021/
31277,2021,2021-05-11,MSI 2021,DAY6,DWG KIA,Infinity eSports,LCK,OTHER,1,0,BO1,international,msi,False,False,https://gol.gg/game/stats/31277/page-summary/,https://gol.gg/tournament/tournament-matchlist/MSI%202021/
31275,2021,2021-05-11,MSI 2021,DAY6,Cloud9,DWG KIA,OTHER,LCK,1,0,BO1,international,msi,False,False,https://gol.gg/game/stats/31275/page-summary/,https://gol.gg/tournament/tournament-matchlist/MSI%202021/
31255,2021,2021-05-08,MSI 2021,DAY3,DWG KIA,Detonation FocusMe,LCK,OTHER,1,0,BO1,international,msi,False,False,https://gol.gg/game/stats/31255/page-summary/,https://gol.gg/tournament/tournament-matchlist/MSI%202021/
31249,2021,2021-05-07,MSI 2021,DAY2,Infinity eSports,DWG KIA,OTHER,LCK,0,1,BO1,international,msi,False,False,https://gol.gg/game/stats/31249/page-summary/,https://gol.gg/tournament/tournament-matchlist/MSI%202021/
31241,2021,2021-05-06,MSI 2021,DAY1,DWG KIA,Cloud9,LCK,OTHER,1,0,BO1,international,msi,False,False,https://gol.gg/game/stats/31241/page-summary/,https://gol.gg/tournament/tournament-matchlist/MSI%202021/
35375,2021,2021-10-30,World Championship 2021,SEMIFINALS,DWG KIA,T1,LCK,LCK,3,2,BO5,international,worlds,False,False,https://gol.gg/game/stats/35375/page-summary/,https://gol.gg/tournament/tournament-matchlist/World%20Championship%202021/
35370,2021,2021-10-31,World Championship 2021,SEMIFINALS,Edward Gaming,Gen.G eSports,LPL,LCK,3,2,BO5,international,worlds,False,False,https://gol.gg/game/stats/35370/page-summary/,https://gol.gg/tournament/tournament-matchlist/World%20Championship%202021/
35347,2021,2021-10-25,World Championship 2021,QUARTERFINALS,Gen.G eSports,Cloud9,LCK,OTHER,3,0,BO5,international,worlds,False,False,https://gol.gg/game/stats/35347/page-summary/,https://gol.gg/tournament/tournament-matchlist/World%20Championship%202021/
35331,2021,2021-10-18,World Championship 2021,TIEBREAKERS,Gen.G eSports,MAD Lions,LCK,OTHER,1,0,BO1,international,worlds,False,False,https://gol.gg/game/stats/35331/page-summary/,https://gol.gg/tournament/tournament-matchlist/World%20Championship%202021/
35329,2021,2021-10-18,World Championship 2021,TIEBREAKERS,Gen.G eSports,Team Liquid,LCK,OTHER,1,0,BO1,international,worlds,False,False,https://gol.gg/game/stats/35329/page-summary/,https://gol.gg/tournament/tournament-matchlist/World%20Championship%202021/
35277,2021,2021-10-18,World Championship 2021,DAY7,Team Liquid,Gen.G eSports,OTHER,LCK,1,0,BO1,international,worlds,False,False,https://gol.gg/game/stats/35277/page-summary/,https://gol.gg/tournament/tournament-matchlist/World%20Championship%202021/
35275,2021,2021-10-18,World Championship 2021,DAY7,Gen.G eSports,LNG Esports,LCK,LPL,0,1,BO1,international,worlds,False,False,https://gol.gg/game/stats/35275/page-summary/,https://gol.gg/tournament/tournament-matchlist/World%20Championship%202021/
35273,2021,2021-10-18,World Championship 2021,DAY7,Gen.G eSports,MAD Lions,LCK,OTHER,1,0,BO1,international,worlds,False,False,https://gol.gg/game/stats/35273/page-summary/,https://gol.gg/tournament/tournament-matchlist/World%20Championship%202021/
35251,2021,2021-10-13,World Championship 2021,DAY3,Gen.G eSports,Team Liquid,LCK,OTHER,1,0,BO1,international,worlds,False,False,https://gol.gg/game/stats/35251/page-summary/,https://gol.gg/tournament/tournament-matchlist/World%20Championship%202021/
35245,2021,2021-10-12,World Championship 2021,DAY2,MAD Lions,Gen.G eSports,OTHER,LCK,1,0,BO1,international,worlds,False,False,https://gol.gg/game/stats/35245/page-summary/,https://gol.gg/tournament/tournament-matchlist/World%20Championship%202021/
35234,2021,2021-10-11,World Championship 2021,DAY1,LNG Esports,Gen.G eSports,LPL,LCK,0,1,BO1,international,worlds,False,False,https://gol.gg/game/stats/35234/page-summary/,https://gol.gg/tournament/tournament-matchlist/World%20Championship%202021/
35328,2021,2021-10-17,World Championship 2021,TIEBREAKERS,Hanwha Life eSports,Royal Never Give Up,LCK,LPL,0,1,BO1,international,worlds,False,False,https://gol.gg/game/stats/35328/page-summary/,https://gol.gg/tournament/tournament-matchlist/World%20Championship%202021/
35271,2021,2021-10-17,World Championship 2021,DAY6,Hanwha Life eSports,Royal Never Give Up,LCK,LPL,1,0,BO1,international,worlds,False,False,https://gol.gg/game/stats/35271/page-summary/,https://gol.gg/tournament/tournament-matchlist/World%20Championship%202021/
35270,2021,2021-10-17,World Championship 2021,DAY6,Fnatic,Hanwha Life eSports,OTHER,LCK,0,1,BO1,international,worlds,False,False,https://gol.gg/game/stats/35270/page-summary/,https://gol.gg/tournament/tournament-matchlist/World%20Championship%202021/
35267,2021,2021-10-17,World Championship 2021,DAY6,Hanwha Life eSports,PSG Talon,LCK,OTHER,1,0,BO1,international,worlds,False,False,https://gol.gg/game/stats/35267/page-summary/,https://gol.gg/tournament/tournament-matchlist/World%20Championship%202021/
35247,2021,2021-10-13,World Championship 2021,DAY3,Royal Never Give Up,Hanwha Life eSports,LPL,LCK,1,0,BO1,international,worlds,False,False,https://gol.gg/game/stats/35247/page-summary/,https://gol.gg/tournament/tournament-matchlist/World%20Championship%202021/
35241,2021,2021-10-12,World Championship 2021,DAY2,PSG Talon,Hanwha Life eSports,OTHER,LCK,1,0,BO1,international,worlds,False,False,https://gol.gg/game/stats/35241/page-summary/,https://gol.gg/tournament/tournament-matchlist/World%20Championship%202021/
35233,2021,2021-10-11,World Championship 2021,DAY1,Hanwha Life eSports,Fnatic,LCK,OTHER,1,0,BO1,international,worlds,False,False,https://gol.gg/game/stats/35233/page-summary/,https://gol.gg/tournament/tournament-matchlist/World%20Championship%202021/
35223,2021,2021-10-09,World Championship Play-In 2021,QUAL.ROUND,Beyond Gaming,Hanwha Life eSports,OTHER,LCK,0,3,BO5,international,worlds,False,False,https://gol.gg/game/stats/35223/page-summary/,https://gol.gg/tournament/tournament-matchlist/World%20Championship%20Play-In%202021/
35197,2021,2021-10-06,World Championship Play-In 2021,DAY2,RED Canids,Hanwha Life eSports,OTHER,LCK,0,1,BO1,international,worlds,False,False,https://gol.gg/game/stats/35197/page-summary/,https://gol.gg/tournament/tournament-matchlist/World%20Championship%20Play-In%202021/
35194,2021,2021-10-06,World Championship Play-In 2021,DAY2,PEACE,Hanwha Life eSports,OTHER,LCK,0,1,BO1,international,worlds,False,False,https://gol.gg/game/stats/35194/page-summary/,https://gol.gg/tournament/tournament-matchlist/World%20Championship%20Play-In%202021/
35189,2021,2021-10-05,World Championship Play-In 2021,DAY1,Hanwha Life eSports,Infinity eSports,LCK,OTHER,1,0,BO1,international,worlds,False,False,https://gol.gg/game/stats/35189/page-summary/,https://gol.gg/tournament/tournament-matchlist/World%20Championship%20Play-In%202021/
35186,2021,2021-10-05,World Championship Play-In 2021,DAY1,Hanwha Life eSports,LNG Esports,LCK,LPL,0,1,BO1,international,worlds,False,False,https://gol.gg/game/stats/35186/page-summary/,https://gol.gg/tournament/tournament-matchlist/World%20Championship%20Play-In%202021/
35332,2021,2021-10-22,World Championship 2021,QUARTERFINALS,T1,Hanwha Life eSports,LCK,LCK,3,0,BO5,international,worlds,False,False,https://gol.gg/game/stats/35332/page-summary/,https://gol.gg/tournament/tournament-matchlist/World%20Championship%202021/
35265,2021,2021-10-16,World Championship 2021,DAY5,Detonation FocusMe,T1,OTHER,LCK,0,1,BO1,international,worlds,False,False,https://gol.gg/game/stats/35265/page-summary/,https://gol.gg/tournament/tournament-matchlist/World%20Championship%202021/
35263,2021,2021-10-16,World Championship 2021,DAY5,Edward Gaming,T1,LPL,LCK,0,1,BO1,international,worlds,False,False,https://gol.gg/game/stats/35263/page-summary/,https://gol.gg/tournament/tournament-matchlist/World%20Championship%202021/
35262,2021,2021-10-16,World Championship 2021,DAY5,T1,100 Thieves,LCK,OTHER,1,0,BO1,international,worlds,False,False,https://gol.gg/game/stats/35262/page-summary/,https://gol.gg/tournament/tournament-matchlist/World%20Championship%202021/
35254,2021,2021-10-13,World Championship 2021,DAY3,100 Thieves,T1,OTHER,LCK,0,1,BO1,international,worlds,False,False,https://gol.gg/game/stats/35254/page-summary/,https://gol.gg/tournament/tournament-matchlist/World%20Championship%202021/
35239,2021,2021-10-12,World Championship 2021,DAY2,T1,Edward Gaming,LCK,LPL,0,1,BO1,international,worlds,False,False,https://gol.gg/game/stats/35239/page-summary/,https://gol.gg/tournament/tournament-matchlist/World%20Championship%202021/
35235,2021,2021-10-11,World Championship 2021,DAY1,T1,Detonation FocusMe,LCK,OTHER,1,0,BO1,international,worlds,False,False,https://gol.gg/game/stats/35235/page-summary/,https://gol.gg/tournament/tournament-matchlist/World%20Championship%202021/
35266,2021,2021-10-16,World Championship 2021,DAY5,100 Thieves,Edward Gaming,OTHER,LPL,1,0,BO1,international,worlds,False,False,https://gol.gg/game/stats/35266/page-summary/,https://gol.gg/tournament/tournament-matchlist/World%20Championship%202021/
35261,2021,2021-10-16,World Championship 2021,DAY5,Detonation FocusMe,Edward Gaming,OTHER,LPL,0,1,BO1,international,worlds,False,False,https://gol.gg/game/stats/35261/page-summary/,https://gol.gg/tournament/tournament-matchlist/World%20Championship%202021/
35253,2021,2021-10-13,World Championship 2021,DAY3,Edward Gaming,Detonation FocusMe,LPL,OTHER,1,0,BO1,international,worlds,False,False,https://gol.gg/game/stats/35253/page-summary/,https://gol.gg/tournament/tournament-matchlist/World%20Championship%202021/
35236,2021,2021-10-11,World Championship 2021,DAY1,Edward Gaming,100 Thieves,LPL,OTHER,1,0,BO1,international,worlds,False,False,https://gol.gg/game/stats/35236/page-summary/,https://gol.gg/tournament/tournament-matchlist/World%20Championship%202021/
35337,2021,2021-10-23,World Championship 2021,QUARTERFINALS,Edward Gaming,Royal Never Give Up,LPL,LPL,3,2,BO5,international,worlds,False,False,https://gol.gg/game/stats/35337/page-summary/,https://gol.gg/tournament/tournament-matchlist/World%20Championship%202021/
35326,2021,2021-10-15,World Championship 2021,TIEBREAKERS,Funplus Phoenix,Rogue,LPL,OTHER,0,1,BO1,international,worlds,False,False,https://gol.gg/game/stats/35326/page-summary/,https://gol.gg/tournament/tournament-matchlist/World%20Championship%202021/
35259,2021,2021-10-15,World Championship 2021,DAY4,Rogue,Funplus Phoenix,OTHER,LPL,1,0,BO1,international,worlds,False,False,https://gol.gg/game/stats/35259/page-summary/,https://gol.gg/tournament/tournament-matchlist/World%20Championship%202021/
35257,2021,2021-10-15,World Championship 2021,DAY4,Funplus Phoenix,Cloud9,LPL,OTHER,0,1,BO1,international,worlds,False,False,https://gol.gg/game/stats/35257/page-summary/,https://gol.gg/tournament/tournament-matchlist/World%20Championship%202021/
35249,2021,2021-10-13,World Championship 2021,DAY3,Funplus Phoenix,Rogue,LPL,OTHER,1,0,BO1,international,worlds,False,False,https://gol.gg/game/stats/35249/page-summary/,https://gol.gg/tournament/tournament-matchlist/World%20Championship%202021/
35243,2021,2021-10-12,World Championship 2021,DAY2,Cloud9,Funplus Phoenix,OTHER,LPL,0,1,BO1,international,worlds,False,False,https://gol.gg/game/stats/35243/page-summary/,https://gol.gg/tournament/tournament-matchlist/World%20Championship%202021/
35330,2021,2021-10-18,World Championship 2021,TIEBREAKERS,MAD Lions,LNG Esports,OTHER,LPL,1,0,BO1,international,worlds,False,False,https://gol.gg/game/stats/35330/page-summary/,https://gol.gg/tournament/tournament-matchlist/World%20Championship%202021/
35278,2021,2021-10-18,World Championship 2021,DAY7,LNG Esports,MAD Lions,LPL,OTHER,0,1,BO1,international,worlds,False,False,https://gol.gg/game/stats/35278/page-summary/,https://gol.gg/tournament/tournament-matchlist/World%20Championship%202021/
35274,2021,2021-10-18,World Championship 2021,DAY7,LNG Esports,Team Liquid,LPL,OTHER,0,1,BO1,international,worlds,False,False,https://gol.gg/game/stats/35274/page-summary/,https://gol.gg/tournament/tournament-matchlist/World%20Championship%202021/
35248,2021,2021-10-13,World Championship 2021,DAY3,MAD Lions,LNG Esports,OTHER,LPL,0,1,BO1,international,worlds,False,False,https://gol.gg/game/stats/35248/page-summary/,https://gol.gg/tournament/tournament-matchlist/World%20Championship%202021/
35246,2021,2021-10-12,World Championship 2021,DAY2,Team Liquid,LNG Esports,OTHER,LPL,0,1,BO1,international,worlds,False,False,https://gol.gg/game/stats/35246/page-summary/,https://gol.gg/tournament/tournament-matchlist/World%20Championship%202021/
35202,2021,2021-10-07,World Championship Play-In 2021,DAY3,LNG Esports,Infinity eSports,LPL,OTHER,1,0,BO1,international,worlds,False,False,https://gol.gg/game/stats/35202/page-summary/,https://gol.gg/tournament/tournament-matchlist/World%20Championship%20Play-In%202021/
35195,2021,2021-10-06,World Championship Play-In 2021,DAY2,RED Canids,LNG Esports,OTHER,LPL,0,1,BO1,international,worlds,False,False,https://gol.gg/game/stats/35195/page-summary/,https://gol.gg/tournament/tournament-matchlist/World%20Championship%20Play-In%202021/
35188,2021,2021-10-05,World Championship Play-In 2021,DAY1,LNG Esports,PEACE,LPL,OTHER,1,0,BO1,international,worlds,False,False,https://gol.gg/game/stats/35188/page-summary/,https://gol.gg/tournament/tournament-matchlist/World%20Championship%20Play-In%202021/
35269,2021,2021-10-17,World Championship 2021,DAY6,PSG Talon,Royal Never Give Up,OTHER,LPL,0,1,BO1,international,worlds,False,False,https://gol.gg/game/stats/35269/page-summary/,https://gol.gg/tournament/tournament-matchlist/World%20Championship%202021/
35268,2021,2021-10-17,World Championship 2021,DAY6,Royal Never Give Up,Fnatic,LPL,OTHER,0,1,BO1,international,worlds,False,False,https://gol.gg/game/stats/35268/page-summary/,https://gol.gg/tournament/tournament-matchlist/World%20Championship%202021/
35242,2021,2021-10-12,World Championship 2021,DAY2,Fnatic,Royal Never Give Up,OTHER,LPL,0,1,BO1,international,worlds,False,False,https://gol.gg/game/stats/35242/page-summary/,https://gol.gg/tournament/tournament-matchlist/World%20Championship%202021/
35232,2021,2021-10-11,World Championship 2021,DAY1,Royal Never Give Up,PSG Talon,LPL,OTHER,1,0,BO1,international,worlds,False,False,https://gol.gg/game/stats/35232/page-summary/,https://gol.gg/tournament/tournament-matchlist/World%20Championship%202021/
31312,2021,2021-05-21,MSI 2021,SEMIFINALS,Royal Never Give Up,PSG Talon,LPL,OTHER,3,1,BO5,international,msi,False,False,https://gol.gg/game/stats/31312/page-summary/,https://gol.gg/tournament/tournament-matchlist/MSI%202021/
31308,2021,2021-05-18,MSI 2021,RUMBLE.DAY5,Royal Never Give Up,MAD Lions,LPL,OTHER,0,1,BO1,international,msi,False,False,https://gol.gg/game/stats/31308/page-summary/,https://gol.gg/tournament/tournament-matchlist/MSI%202021/
31302,2021,2021-05-17,MSI 2021,RUMBLE.DAY4,Cloud9,Royal Never Give Up,OTHER,LPL,1,0,BO1,international,msi,False,False,https://gol.gg/game/stats/31302/page-summary/,https://gol.gg/tournament/tournament-matchlist/MSI%202021/
31300,2021,2021-05-17,MSI 2021,RUMBLE.DAY4,PSG Talon,Royal Never Give Up,OTHER,LPL,0,1,BO1,international,msi,False,False,https://gol.gg/game/stats/31300/page-summary/,https://gol.gg/tournament/tournament-matchlist/MSI%202021/
31297,2021,2021-05-16,MSI 2021,RUMBLE.DAY3,Royal Never Give Up,Pentanet.GG,LPL,OTHER,1,0,BO1,international,msi,False,False,https://gol.gg/game/stats/31297/page-summary/,https://gol.gg/tournament/tournament-matchlist/MSI%202021/
31295,2021,2021-05-16,MSI 2021,RUMBLE.DAY3,Royal Never Give Up,PSG Talon,LPL,OTHER,0,1,BO1,international,msi,False,False,https://gol.gg/game/stats/31295/page-summary/,https://gol.gg/tournament/tournament-matchlist/MSI%202021/
31290,2021,2021-05-15,MSI 2021,RUMBLE.DAY2,MAD Lions,Royal Never Give Up,OTHER,LPL,0,1,BO1,international,msi,False,False,https://gol.gg/game/stats/31290/page-summary/,https://gol.gg/tournament/tournament-matchlist/MSI%202021/
31288,2021,2021-05-15,MSI 2021,RUMBLE.DAY2,Pentanet.GG,Royal Never Give Up,OTHER,LPL,0,1,BO1,international,msi,False,False,https://gol.gg/game/stats/31288/page-summary/,https://gol.gg/tournament/tournament-matchlist/MSI%202021/
31285,2021,2021-05-14,MSI 2021,RUMBLE.DAY1,Royal Never Give Up,Cloud9,LPL,OTHER,1,0,BO1,international,msi,False,False,https://gol.gg/game/stats/31285/page-summary/,https://gol.gg/tournament/tournament-matchlist/MSI%202021/
31268,2021,2021-05-09,MSI 2021,DAY4,Pentanet.GG,Royal Never Give Up,OTHER,LPL,0,1,BO1,international,msi,False,False,https://gol.gg/game/stats/31268/page-summary/,https://gol.gg/tournament/tournament-matchlist/MSI%202021/
31266,2021,2021-05-09,MSI 2021,DAY4,Royal Never Give Up,Unicorns Of Love,LPL,OTHER,1,0,BO1,international,msi,False,False,https://gol.gg/game/stats/31266/page-summary/,https://gol.gg/tournament/tournament-matchlist/MSI%202021/
31265,2021,2021-05-09,MSI 2021,DAY4,Royal Never Give Up,Pentanet.GG,LPL,OTHER,1,0,BO1,international,msi,False,False,https://gol.gg/game/stats/31265/page-summary/,https://gol.gg/tournament/tournament-matchlist/MSI%202021/
31263,2021,2021-05-09,MSI 2021,DAY4,Unicorns Of Love,Royal Never Give Up,OTHER,LPL,0,1,BO1,international,msi,False,False,https://gol.gg/game/stats/31263/page-summary/,https://gol.gg/tournament/tournament-matchlist/MSI%202021/
31253,2021,2021-05-08,MSI 2021,DAY3,Royal Never Give Up,Unicorns Of Love,LPL,OTHER,1,0,BO1,international,msi,False,False,https://gol.gg/game/stats/31253/page-summary/,https://gol.gg/tournament/tournament-matchlist/MSI%202021/
31248,2021,2021-05-07,MSI 2021,DAY2,Unicorns Of Love,Royal Never Give Up,OTHER,LPL,0,1,BO1,international,msi,False,False,https://gol.gg/game/stats/31248/page-summary/,https://gol.gg/tournament/tournament-matchlist/MSI%202021/
31247,2021,2021-05-07,MSI 2021,DAY2,Pentanet.GG,Royal Never Give Up,OTHER,LPL,0,1,BO1,international,msi,False,False,https://gol.gg/game/stats/31247/page-summary/,https://gol.gg/tournament/tournament-matchlist/MSI%202021/
31243,2021,2021-05-06,MSI 2021,DAY1,Royal Never Give Up,Pentanet.GG,LPL,OTHER,1,0,BO1,international,msi,False,False,https://gol.gg/game/stats/31243/page-summary/,https://gol.gg/tournament/tournament-matchlist/MSI%202021/
44403,2022,2022-10-23,World Championship 2022,QUARTERFINALS,DRX,Edward Gaming,LCK,LPL,3,2,BO5,international,worlds,False,False,https://gol.gg/game/stats/44403/page-summary/,https://gol.gg/tournament/tournament-matchlist/World%20Championship%202022/
44386,2022,2022-10-15,World Championship 2022,TIEBREAKERS,DRX,Rogue,LCK,OTHER,1,0,BO1,international,worlds,False,False,https://gol.gg/game/stats/44386/page-summary/,https://gol.gg/tournament/tournament-matchlist/World%20Championship%202022/
44378,2022,2022-10-15,World Championship 2022,DAY7,Top Esports,DRX,LPL,LCK,1,0,BO1,international,worlds,False,False,https://gol.gg/game/stats/44378/page-summary/,https://gol.gg/tournament/tournament-matchlist/World%20Championship%202022/
44376,2022,2022-10-15,World Championship 2022,DAY7,DRX,GAM Esports,LCK,OTHER,1,0,BO1,international,worlds,False,False,https://gol.gg/game/stats/44376/page-summary/,https://gol.gg/tournament/tournament-matchlist/World%20Championship%202022/
44375,2022,2022-10-15,World Championship 2022,DAY7,DRX,Rogue,LCK,OTHER,1,0,BO1,international,worlds,False,False,https://gol.gg/game/stats/44375/page-summary/,https://gol.gg/tournament/tournament-matchlist/World%20Championship%202022/
44360,2022,2022-10-10,World Championship 2022,DAY4,GAM Esports,DRX,OTHER,LCK,0,1,BO1,international,worlds,False,False,https://gol.gg/game/stats/44360/page-summary/,https://gol.gg/tournament/tournament-matchlist/World%20Championship%202022/
44354,2022,2022-10-09,World Championship 2022,DAY3,DRX,Top Esports,LCK,LPL,1,0,BO1,international,worlds,False,False,https://gol.gg/game/stats/44354/page-summary/,https://gol.gg/tournament/tournament-matchlist/World%20Championship%202022/
44343,2022,2022-10-08,World Championship 2022,DAY2,Rogue,DRX,OTHER,LCK,1,0,BO1,international,worlds,False,False,https://gol.gg/game/stats/44343/page-summary/,https://gol.gg/tournament/tournament-matchlist/World%20Championship%202022/
44310,2022,2022-10-02,World Championship Play-In 2022,DAY4,DRX,MAD Lions,LCK,OTHER,1,0,BO1,international,worlds,False,False,https://gol.gg/game/stats/44310/page-summary/,https://gol.gg/tournament/tournament-matchlist/World%20Championship%20Play-In%202022/
44305,2022,2022-10-01,World Championship Play-In 2022,DAY3,Isurus,DRX,OTHER,LCK,0,1,BO1,international,worlds,False,False,https://gol.gg/game/stats/44305/page-summary/,https://gol.gg/tournament/tournament-matchlist/World%20Championship%20Play-In%202022/
44297,2022,2022-09-30,World Championship Play-In 2022,DAY2,Istanbul Wildcats,DRX,OTHER,LCK,0,1,BO1,international,worlds,False,False,https://gol.gg/game/stats/44297/page-summary/,https://gol.gg/tournament/tournament-matchlist/World%20Championship%20Play-In%202022/
44295,2022,2022-09-30,World Championship Play-In 2022,DAY2,DRX,Saigon Buffalo,LCK,OTHER,1,0,BO1,international,worlds,False,False,https://gol.gg/game/stats/44295/page-summary/,https://gol.gg/tournament/tournament-matchlist/World%20Championship%20Play-In%202022/
44289,2022,2022-09-29,World Championship Play-In 2022,DAY1,DRX,Royal Never Give Up,LCK,LPL,1,0,BO1,international,worlds,False,False,https://gol.gg/game/stats/44289/page-summary/,https://gol.gg/tournament/tournament-matchlist/World%20Championship%20Play-In%202022/
44417,2022,2022-11-05,World Championship 2022,FINALS,T1,DRX,LCK,LCK,2,3,BO5,international,worlds,False,False,https://gol.gg/game/stats/44417/page-summary/,https://gol.gg/tournament/tournament-matchlist/World%20Championship%202022/
44413,2022,2022-10-30,World Championship 2022,SEMIFINALS,Gen.G eSports,DRX,LCK,LCK,1,3,BO5,international,worlds,False,False,https://gol.gg/game/stats/44413/page-summary/,https://gol.gg/tournament/tournament-matchlist/World%20Championship%202022/
44385,2022,2022-10-14,World Championship 2022,TIEBREAKERS,JD Gaming,DWG KIA,LPL,LCK,1,0,BO1,international,worlds,False,False,https://gol.gg/game/stats/44385/page-summary/,https://gol.gg/tournament/tournament-matchlist/World%20Championship%202022/
44372,2022,2022-10-14,World Championship 2022,DAY6,JD Gaming,DWG KIA,LPL,LCK,0,1,BO1,international,worlds,False,False,https://gol.gg/game/stats/44372/page-summary/,https://gol.gg/tournament/tournament-matchlist/World%20Championship%202022/
44371,2022,2022-10-14,World Championship 2022,DAY6,Evil Geniuses,DWG KIA,OTHER,LCK,0,1,BO1,international,worlds,False,False,https://gol.gg/game/stats/44371/page-summary/,https://gol.gg/tournament/tournament-matchlist/World%20Championship%202022/
44369,2022,2022-10-14,World Championship 2022,DAY6,DWG KIA,G2 Esports,LCK,G2,1,0,BO1,international,worlds,False,False,https://gol.gg/game/stats/44369/page-summary/,https://gol.gg/tournament/tournament-matchlist/World%20Championship%202022/
44357,2022,2022-10-10,World Championship 2022,DAY4,DWG KIA,Evil Geniuses,LCK,OTHER,1,0,BO1,international,worlds,False,False,https://gol.gg/game/stats/44357/page-summary/,https://gol.gg/tournament/tournament-matchlist/World%20Championship%202022/
44348,2022,2022-10-08,World Championship 2022,DAY2,DWG KIA,JD Gaming,LCK,LPL,0,1,BO1,international,worlds,False,False,https://gol.gg/game/stats/44348/page-summary/,https://gol.gg/tournament/tournament-matchlist/World%20Championship%202022/
44338,2022,2022-10-07,World Championship 2022,DAY1,G2 Esports,DWG KIA,G2,LCK,0,1,BO1,international,worlds,False,False,https://gol.gg/game/stats/44338/page-summary/,https://gol.gg/tournament/tournament-matchlist/World%20Championship%202022/
44398,2022,2022-10-22,World Championship 2022,QUARTERFINALS,Gen.G eSports,DWG KIA,LCK,LCK,3,2,BO5,international,worlds,False,False,https://gol.gg/game/stats/44398/page-summary/,https://gol.gg/tournament/tournament-matchlist/World%20Championship%202022/
44387,2022,2022-10-16,World Championship 2022,TIEBREAKERS,Gen.G eSports,Royal Never Give Up,LCK,LPL,1,0,BO1,international,worlds,False,False,https://gol.gg/game/stats/44387/page-summary/,https://gol.gg/tournament/tournament-matchlist/World%20Championship%202022/
44384,2022,2022-10-16,World Championship 2022,DAY8,Royal Never Give Up,Gen.G eSports,LPL,LCK,0,1,BO1,international,worlds,False,False,https://gol.gg/game/stats/44384/page-summary/,https://gol.gg/tournament/tournament-matchlist/World%20Championship%202022/
44382,2022,2022-10-16,World Championship 2022,DAY8,Gen.G eSports,100 Thieves,LCK,OTHER,1,0,BO1,international,worlds,False,False,https://gol.gg/game/stats/44382/page-summary/,https://gol.gg/tournament/tournament-matchlist/World%20Championship%202022/
44380,2022,2022-10-16,World Championship 2022,DAY8,CTBC Flying Oyster,Gen.G eSports,OTHER,LCK,0,1,BO1,international,worlds,False,False,https://gol.gg/game/stats/44380/page-summary/,https://gol.gg/tournament/tournament-matchlist/World%20Championship%202022/
44359,2022,2022-10-10,World Championship 2022,DAY4,Gen.G eSports,CTBC Flying Oyster,LCK,OTHER,1,0,BO1,international,worlds,False,False,https://gol.gg/game/stats/44359/page-summary/,https://gol.gg/tournament/tournament-matchlist/World%20Championship%202022/
44350,2022,2022-10-09,World Championship 2022,DAY3,100 Thieves,Gen.G eSports,OTHER,LCK,0,1,BO1,international,worlds,False,False,https://gol.gg/game/stats/44350/page-summary/,https://gol.gg/tournament/tournament-matchlist/World%20Championship%202022/
44342,2022,2022-10-07,World Championship 2022,DAY1,Gen.G eSports,Royal Never Give Up,LCK,LPL,0,1,BO1,international,worlds,False,False,https://gol.gg/game/stats/44342/page-summary/,https://gol.gg/tournament/tournament-matchlist/World%20Championship%202022/
44408,2022,2022-10-29,World Championship 2022,SEMIFINALS,T1,JD Gaming,LCK,LPL,3,1,BO5,international,worlds,False,False,https://gol.gg/game/stats/44408/page-summary/,https://gol.gg/tournament/tournament-matchlist/World%20Championship%202022/
44393,2022,2022-10-21,World Championship 2022,QUARTERFINALS,T1,Royal Never Give Up,LCK,LPL,3,0,BO5,international,worlds,False,False,https://gol.gg/game/stats/44393/page-summary/,https://gol.gg/tournament/tournament-matchlist/World%20Championship%202022/
44366,2022,2022-10-13,World Championship 2022,DAY5,Edward Gaming,T1,LPL,LCK,0,1,BO1,international,worlds,False,False,https://gol.gg/game/stats/44366/page-summary/,https://gol.gg/tournament/tournament-matchlist/World%20Championship%202022/
44365,2022,2022-10-13,World Championship 2022,DAY5,T1,Cloud9,LCK,OTHER,1,0,BO1,international,worlds,False,False,https://gol.gg/game/stats/44365/page-summary/,https://gol.gg/tournament/tournament-matchlist/World%20Championship%202022/
44362,2022,2022-10-13,World Championship 2022,DAY5,T1,Fnatic,LCK,OTHER,1,0,BO1,international,worlds,False,False,https://gol.gg/game/stats/44362/page-summary/,https://gol.gg/tournament/tournament-matchlist/World%20Championship%202022/
44352,2022,2022-10-09,World Championship 2022,DAY3,Cloud9,T1,OTHER,LCK,0,1,BO1,international,worlds,False,False,https://gol.gg/game/stats/44352/page-summary/,https://gol.gg/tournament/tournament-matchlist/World%20Championship%202022/
44345,2022,2022-10-08,World Championship 2022,DAY2,Fnatic,T1,OTHER,LCK,1,0,BO1,international,worlds,False,False,https://gol.gg/game/stats/44345/page-summary/,https://gol.gg/tournament/tournament-matchlist/World%20Championship%202022/
44341,2022,2022-10-07,World Championship 2022,DAY1,T1,Edward Gaming,LCK,LPL,1,0,BO1,international,worlds,False,False,https://gol.gg/game/stats/44341/page-summary/,https://gol.gg/tournament/tournament-matchlist/World%20Championship%202022/
39988,2022,2022-05-29,MSI 2022,FINALS,Royal Never Give Up,T1,LPL,LCK,3,2,BO5,international,msi,False,False,https://gol.gg/game/stats/39988/page-summary/,https://gol.gg/tournament/tournament-matchlist/MSI%202022/
39985,2022,2022-05-28,MSI 2022,SEMIFINALS,T1,G2 Esports,LCK,G2,3,0,BO5,international,msi,False,False,https://gol.gg/game/stats/39985/page-summary/,https://gol.gg/tournament/tournament-matchlist/MSI%202022/
39979,2022,2022-05-24,MSI 2022,RUMBLEDAY5,T1,Royal Never Give Up,LCK,LPL,1,0,BO1,international,msi,False,False,https://gol.gg/game/stats/39979/page-summary/,https://gol.gg/tournament/tournament-matchlist/MSI%202022/
39976,2022,2022-05-24,MSI 2022,RUMBLEDAY5,Saigon Buffalo,T1,OTHER,LCK,0,1,BO1,international,msi,False,False,https://gol.gg/game/stats/39976/page-summary/,https://gol.gg/tournament/tournament-matchlist/MSI%202022/
39971,2022,2022-05-23,MSI 2022,RUMBLEDAY4,G2 Esports,T1,G2,LCK,0,1,BO1,international,msi,False,False,https://gol.gg/game/stats/39971/page-summary/,https://gol.gg/tournament/tournament-matchlist/MSI%202022/
39969,2022,2022-05-23,MSI 2022,RUMBLEDAY4,T1,Evil Geniuses,LCK,OTHER,0,1,BO1,international,msi,False,False,https://gol.gg/game/stats/39969/page-summary/,https://gol.gg/tournament/tournament-matchlist/MSI%202022/
39965,2022,2022-05-22,MSI 2022,RUMBLEDAY3,T1,PSG Talon,LCK,OTHER,1,0,BO1,international,msi,False,False,https://gol.gg/game/stats/39965/page-summary/,https://gol.gg/tournament/tournament-matchlist/MSI%202022/
39962,2022,2022-05-22,MSI 2022,RUMBLEDAY3,Evil Geniuses,T1,OTHER,LCK,0,1,BO1,international,msi,False,False,https://gol.gg/game/stats/39962/page-summary/,https://gol.gg/tournament/tournament-matchlist/MSI%202022/
39960,2022,2022-05-21,MSI 2022,RUMBLEDAY2,Royal Never Give Up,T1,LPL,LCK,1,0,BO1,international,msi,False,False,https://gol.gg/game/stats/39960/page-summary/,https://gol.gg/tournament/tournament-matchlist/MSI%202022/
39958,2022,2022-05-21,MSI 2022,RUMBLEDAY2,T1,Saigon Buffalo,LCK,OTHER,1,0,BO1,international,msi,False,False,https://gol.gg/game/stats/39958/page-summary/,https://gol.gg/tournament/tournament-matchlist/MSI%202022/
39955,2022,2022-05-20,MSI 2022,RUMBLEDAY1,PSG Talon,T1,OTHER,LCK,0,1,BO1,international,msi,False,False,https://gol.gg/game/stats/39955/page-summary/,https://gol.gg/tournament/tournament-matchlist/MSI%202022/
39950,2022,2022-05-20,MSI 2022,RUMBLEDAY1,T1,G2 Esports,LCK,G2,0,1,BO1,international,msi,False,False,https://gol.gg/game/stats/39950/page-summary/,https://gol.gg/tournament/tournament-matchlist/MSI%202022/
39945,2022,2022-05-15,MSI 2022,DAY6,Saigon Buffalo,T1,OTHER,LCK,0,1,BO1,international,msi,False,False,https://gol.gg/game/stats/39945/page-summary/,https://gol.gg/tournament/tournament-matchlist/MSI%202022/
39943,2022,2022-05-15,MSI 2022,DAY6,T1,Team Aze,LCK,OTHER,1,0,BO1,international,msi,False,False,https://gol.gg/game/stats/39943/page-summary/,https://gol.gg/tournament/tournament-matchlist/MSI%202022/
39941,2022,2022-05-15,MSI 2022,DAY6,Detonation FocusMe,T1,OTHER,LCK,0,1,BO1,international,msi,False,False,https://gol.gg/game/stats/39941/page-summary/,https://gol.gg/tournament/tournament-matchlist/MSI%202022/
39927,2022,2022-05-12,MSI 2022,DAY3,T1,Detonation FocusMe,LCK,OTHER,1,0,BO1,international,msi,False,False,https://gol.gg/game/stats/39927/page-summary/,https://gol.gg/tournament/tournament-matchlist/MSI%202022/
39919,2022,2022-05-11,MSI 2022,DAY2,Team Aze,T1,OTHER,LCK,0,1,BO1,international,msi,False,False,https://gol.gg/game/stats/39919/page-summary/,https://gol.gg/tournament/tournament-matchlist/MSI%202022/
39906,2022,2022-05-10,MSI 2022,DAY1,T1,Saigon Buffalo,LCK,OTHER,1,0,BO1,international,msi,False,False,https://gol.gg/game/stats/39906/page-summary/,https://gol.gg/tournament/tournament-matchlist/MSI%202022/
44364,2022,2022-10-13,World Championship 2022,DAY5,Fnatic,Edward Gaming,OTHER,LPL,0,1,BO1,international,worlds,False,False,https://gol.gg/game/stats/44364/page-summary/,https://gol.gg/tournament/tournament-matchlist/World%20Championship%202022/
44363,2022,2022-10-13,World Championship 2022,DAY5,Cloud9,Edward Gaming,OTHER,LPL,0,1,BO1,international,worlds,False,False,https://gol.gg/game/stats/44363/page-summary/,https://gol.gg/tournament/tournament-matchlist/World%20Championship%202022/
44351,2022,2022-10-09,World Championship 2022,DAY3,Edward Gaming,Fnatic,LPL,OTHER,1,0,BO1,international,worlds,False,False,https://gol.gg/game/stats/44351/page-summary/,https://gol.gg/tournament/tournament-matchlist/World%20Championship%202022/
44346,2022,2022-10-08,World Championship 2022,DAY2,Edward Gaming,Cloud9,LPL,OTHER,1,0,BO1,international,worlds,False,False,https://gol.gg/game/stats/44346/page-summary/,https://gol.gg/tournament/tournament-matchlist/World%20Championship%202022/
44388,2022,2022-10-20,World Championship 2022,QUARTERFINALS,JD Gaming,Rogue,LPL,OTHER,3,0,BO5,international,worlds,False,False,https://gol.gg/game/stats/44388/page-summary/,https://gol.gg/tournament/tournament-matchlist/World%20Championship%202022/
44370,2022,2022-10-14,World Championship 2022,DAY6,G2 Esports,JD Gaming,G2,LPL,0,1,BO1,international,worlds,False,False,https://gol.gg/game/stats/44370/page-summary/,https://gol.gg/tournament/tournament-matchlist/World%20Championship%202022/
44368,2022,2022-10-14,World Championship 2022,DAY6,Evil Geniuses,JD Gaming,OTHER,LPL,0,1,BO1,international,worlds,False,False,https://gol.gg/game/stats/44368/page-summary/,https://gol.gg/tournament/tournament-matchlist/World%20Championship%202022/
44355,2022,2022-10-10,World Championship 2022,DAY4,JD Gaming,G2 Esports,LPL,G2,1,0,BO1,international,worlds,False,False,https://gol.gg/game/stats/44355/page-summary/,https://gol.gg/tournament/tournament-matchlist/World%20Championship%202022/
44340,2022,2022-10-07,World Championship 2022,DAY1,JD Gaming,Evil Geniuses,LPL,OTHER,1,0,BO1,international,worlds,False,False,https://gol.gg/game/stats/44340/page-summary/,https://gol.gg/tournament/tournament-matchlist/World%20Championship%202022/
44383,2022,2022-10-16,World Championship 2022,DAY8,CTBC Flying Oyster,Royal Never Give Up,OTHER,LPL,0,1,BO1,international,worlds,False,False,https://gol.gg/game/stats/44383/page-summary/,https://gol.gg/tournament/tournament-matchlist/World%20Championship%202022/
44381,2022,2022-10-16,World Championship 2022,DAY8,Royal Never Give Up,100 Thieves,LPL,OTHER,1,0,BO1,international,worlds,False,False,https://gol.gg/game/stats/44381/page-summary/,https://gol.gg/tournament/tournament-matchlist/World%20Championship%202022/
44358,2022,2022-10-10,World Championship 2022,DAY4,100 Thieves,Royal Never Give Up,OTHER,LPL,0,1,BO1,international,worlds,False,False,https://gol.gg/game/stats/44358/page-summary/,https://gol.gg/tournament/tournament-matchlist/World%20Championship%202022/
44353,2022,2022-10-09,World Championship 2022,DAY3,Royal Never Give Up,CTBC Flying Oyster,LPL,OTHER,1,0,BO1,international,worlds,False,False,https://gol.gg/game/stats/44353/page-summary/,https://gol.gg/tournament/tournament-matchlist/World%20Championship%202022/
44333,2022,2022-10-04,World Championship Play-In 2022,QUAL.ROUND,Royal Never Give Up,Detonation FocusMe,LPL,OTHER,3,1,BO5,international,worlds,False,False,https://gol.gg/game/stats/44333/page-summary/,https://gol.gg/tournament/tournament-matchlist/World%20Championship%20Play-In%202022/
44311,2022,2022-10-02,World Championship Play-In 2022,DAY4,Royal Never Give Up,Saigon Buffalo,LPL,OTHER,1,0,BO1,international,worlds,False,False,https://gol.gg/game/stats/44311/page-summary/,https://gol.gg/tournament/tournament-matchlist/World%20Championship%20Play-In%202022/
44304,2022,2022-10-01,World Championship Play-In 2022,DAY3,Royal Never Give Up,Istanbul Wildcats,LPL,OTHER,1,0,BO1,international,worlds,False,False,https://gol.gg/game/stats/44304/page-summary/,https://gol.gg/tournament/tournament-matchlist/World%20Championship%20Play-In%202022/
44302,2022,2022-10-01,World Championship Play-In 2022,DAY3,Royal Never Give Up,Isurus,LPL,OTHER,1,0,BO1,international,worlds,False,False,https://gol.gg/game/stats/44302/page-summary/,https://gol.gg/tournament/tournament-matchlist/World%20Championship%20Play-In%202022/
44296,2022,2022-09-30,World Championship Play-In 2022,DAY2,MAD Lions,Royal Never Give Up,OTHER,LPL,0,1,BO1,international,worlds,False,False,https://gol.gg/game/stats/44296/page-summary/,https://gol.gg/tournament/tournament-matchlist/World%20Championship%20Play-In%202022/
39980,2022,2022-05-27,MSI 2022,SEMIFINALS,Royal Never Give Up,Evil Geniuses,LPL,OTHER,3,0,BO5,international,msi,False,False,https://gol.gg/game/stats/39980/page-summary/,https://gol.gg/tournament/tournament-matchlist/MSI%202022/
39977,2022,2022-05-24,MSI 2022,RUMBLEDAY5,PSG Talon,Royal Never Give Up,OTHER,LPL,0,1,BO1,international,msi,False,False,https://gol.gg/game/stats/39977/page-summary/,https://gol.gg/tournament/tournament-matchlist/MSI%202022/
39973,2022,2022-05-23,MSI 2022,RUMBLEDAY4,Royal Never Give Up,Evil Geniuses,LPL,OTHER,1,0,BO1,international,msi,False,False,https://gol.gg/game/stats/39973/page-summary/,https://gol.gg/tournament/tournament-matchlist/MSI%202022/
39970,2022,2022-05-23,MSI 2022,RUMBLEDAY4,Saigon Buffalo,Royal Never Give Up,OTHER,LPL,0,1,BO1,international,msi,False,False,https://gol.gg/game/stats/39970/page-summary/,https://gol.gg/tournament/tournament-matchlist/MSI%202022/
39966,2022,2022-05-22,MSI 2022,RUMBLEDAY3,Royal Never Give Up,G2 Esports,LPL,G2,1,0,BO1,international,msi,False,False,https://gol.gg/game/stats/39966/page-summary/,https://gol.gg/tournament/tournament-matchlist/MSI%202022/
39964,2022,2022-05-22,MSI 2022,RUMBLEDAY3,Royal Never Give Up,Saigon Buffalo,LPL,OTHER,1,0,BO1,international,msi,False,False,https://gol.gg/game/stats/39964/page-summary/,https://gol.gg/tournament/tournament-matchlist/MSI%202022/
39957,2022,2022-05-21,MSI 2022,RUMBLEDAY2,Royal Never Give Up,PSG Talon,LPL,OTHER,1,0,BO1,international,msi,False,False,https://gol.gg/game/stats/39957/page-summary/,https://gol.gg/tournament/tournament-matchlist/MSI%202022/
39953,2022,2022-05-20,MSI 2022,RUMBLEDAY1,G2 Esports,Royal Never Give Up,G2,LPL,1,0,BO1,international,msi,False,False,https://gol.gg/game/stats/39953/page-summary/,https://gol.gg/tournament/tournament-matchlist/MSI%202022/
39951,2022,2022-05-20,MSI 2022,RUMBLEDAY1,Evil Geniuses,Royal Never Give Up,OTHER,LPL,0,1,BO1,international,msi,False,False,https://gol.gg/game/stats/39951/page-summary/,https://gol.gg/tournament/tournament-matchlist/MSI%202022/
39948,2022,2022-05-14,MSI 2022,DAY5,Royal Never Give Up,RED Canids,LPL,OTHER,1,0,BO1,international,msi,False,False,https://gol.gg/game/stats/39948/page-summary/,https://gol.gg/tournament/tournament-matchlist/MSI%202022/
39947,2022,2022-05-14,MSI 2022,DAY5,Royal Never Give Up,PSG Talon,LPL,OTHER,1,0,BO1,international,msi,False,False,https://gol.gg/game/stats/39947/page-summary/,https://gol.gg/tournament/tournament-matchlist/MSI%202022/
39946,2022,2022-05-14,MSI 2022,DAY5,Istanbul Wildcats,Royal Never Give Up,OTHER,LPL,0,1,BO1,international,msi,False,False,https://gol.gg/game/stats/39946/page-summary/,https://gol.gg/tournament/tournament-matchlist/MSI%202022/
39933,2022,2022-05-13,MSI 2022,DAY4,PSG Talon,Royal Never Give Up,OTHER,LPL,0,1,BO1,international,msi,False,False,https://gol.gg/game/stats/39933/page-summary/,https://gol.gg/tournament/tournament-matchlist/MSI%202022/
39931,2022,2022-05-13,MSI 2022,DAY4,RED Canids,Royal Never Give Up,OTHER,LPL,0,1,BO1,international,msi,False,False,https://gol.gg/game/stats/39931/page-summary/,https://gol.gg/tournament/tournament-matchlist/MSI%202022/
39929,2022,2022-05-13,MSI 2022,DAY4,Royal Never Give Up,Istanbul Wildcats,LPL,OTHER,1,0,BO1,international,msi,False,False,https://gol.gg/game/stats/39929/page-summary/,https://gol.gg/tournament/tournament-matchlist/MSI%202022/
44377,2022,2022-10-15,World Championship 2022,DAY7,Top Esports,Rogue,LPL,OTHER,1,0,BO1,international,worlds,False,False,https://gol.gg/game/stats/44377/page-summary/,https://gol.gg/tournament/tournament-matchlist/World%20Championship%202022/
44374,2022,2022-10-15,World Championship 2022,DAY7,GAM Esports,Top Esports,OTHER,LPL,1,0,BO1,international,worlds,False,False,https://gol.gg/game/stats/44374/page-summary/,https://gol.gg/tournament/tournament-matchlist/World%20Championship%202022/
44356,2022,2022-10-10,World Championship 2022,DAY4,Rogue,Top Esports,OTHER,LPL,1,0,BO1,international,worlds,False,False,https://gol.gg/game/stats/44356/page-summary/,https://gol.gg/tournament/tournament-matchlist/World%20Championship%202022/
44347,2022,2022-10-08,World Championship 2022,DAY2,Top Esports,GAM Esports,LPL,OTHER,1,0,BO1,international,worlds,False,False,https://gol.gg/game/stats/44347/page-summary/,https://gol.gg/tournament/tournament-matchlist/World%20Championship%202022/
53575,2023,2023-10-27,Worlds Main Event 2023,ROUND4,Dplus KIA,GAM Esports,LCK,OTHER,2,0,BO3,international,worlds,False,False,https://gol.gg/game/stats/53575/page-summary/,https://gol.gg/tournament/tournament-matchlist/Worlds%20Main%20Event%202023/
53567,2023,2023-10-23,Worlds Main Event 2023,ROUND3,Dplus KIA,Team BDS,LCK,OTHER,2,0,BO3,international,worlds,False,False,https://gol.gg/game/stats/53567/page-summary/,https://gol.gg/tournament/tournament-matchlist/Worlds%20Main%20Event%202023/
53542,2023,2023-10-19,Worlds Main Event 2023,ROUND1,G2 Esports,Dplus KIA,G2,LCK,1,0,BO1,international,worlds,False,False,https://gol.gg/game/stats/53542/page-summary/,https://gol.gg/tournament/tournament-matchlist/Worlds%20Main%20Event%202023/
53586,2023,2023-10-29,Worlds Main Event 2023,ROUND5,KT Rolster,Dplus KIA,LCK,LCK,2,0,BO3,international,worlds,False,False,https://gol.gg/game/stats/53586/page-summary/,https://gol.gg/tournament/tournament-matchlist/Worlds%20Main%20Event%202023/
53553,2023,2023-10-20,Worlds Main Event 2023,ROUND2,Dplus KIA,KT Rolster,LCK,LCK,0,1,BO1,international,worlds,False,False,https://gol.gg/game/stats/53553/page-summary/,https://gol.gg/tournament/tournament-matchlist/Worlds%20Main%20Event%202023/
53600,2023,2023-11-03,Worlds Main Event 2023,QUARTERFINALS,Gen.G eSports,Bilibili Gaming,LCK,LPL,2,3,BO5,international,worlds,False,False,https://gol.gg/game/stats/53600/page-summary/,https://gol.gg/tournament/tournament-matchlist/Worlds%20Main%20Event%202023/
53557,2023,2023-10-21,Worlds Main Event 2023,ROUND3,G2 Esports,Gen.G eSports,G2,LCK,0,2,BO3,international,worlds,False,False,https://gol.gg/game/stats/53557/page-summary/,https://gol.gg/tournament/tournament-matchlist/Worlds%20Main%20Event%202023/
53540,2023,2023-10-19,Worlds Main Event 2023,ROUND1,Gen.G eSports,GAM Esports,LCK,OTHER,1,0,BO1,international,worlds,False,False,https://gol.gg/game/stats/53540/page-summary/,https://gol.gg/tournament/tournament-matchlist/Worlds%20Main%20Event%202023/
49055,2023,2023-05-19,MSI 2023,BRACKET,Bilibili Gaming,Gen.G eSports,LPL,LCK,3,0,BO5,international,msi,False,False,https://gol.gg/game/stats/49055/page-summary/,https://gol.gg/tournament/tournament-matchlist/MSI%202023/
49045,2023,2023-05-17,MSI 2023,BRACKET,Gen.G eSports,Cloud9,LCK,OTHER,3,0,BO5,international,msi,False,False,https://gol.gg/game/stats/49045/page-summary/,https://gol.gg/tournament/tournament-matchlist/MSI%202023/
49003,2023,2023-05-09,MSI 2023,BRACKET,Gen.G eSports,G2 Esports,LCK,G2,3,1,BO5,international,msi,False,False,https://gol.gg/game/stats/49003/page-summary/,https://gol.gg/tournament/tournament-matchlist/MSI%202023/
53550,2023,2023-10-20,Worlds Main Event 2023,ROUND2,Gen.G eSports,T1,LCK,LCK,1,0,BO1,international,worlds,False,False,https://gol.gg/game/stats/53550/page-summary/,https://gol.gg/tournament/tournament-matchlist/Worlds%20Main%20Event%202023/
49021,2023,2023-05-13,MSI 2023,BRACKET,Gen.G eSports,T1,LCK,LCK,2,3,BO5,international,msi,False,False,https://gol.gg/game/stats/49021/page-summary/,https://gol.gg/tournament/tournament-matchlist/MSI%202023/
53605,2023,2023-11-04,Worlds Main Event 2023,QUARTERFINALS,JD Gaming,KT Rolster,LPL,LCK,3,1,BO5,international,worlds,False,False,https://gol.gg/game/stats/53605/page-summary/,https://gol.gg/tournament/tournament-matchlist/Worlds%20Main%20Event%202023/
53578,2023,2023-10-27,Worlds Main Event 2023,ROUND4,KT Rolster,LNG Esports,LCK,LPL,1,2,BO3,international,worlds,False,False,https://gol.gg/game/stats/53578/page-summary/,https://gol.gg/tournament/tournament-matchlist/Worlds%20Main%20Event%202023/
53563,2023,2023-10-22,Worlds Main Event 2023,ROUND3,KT Rolster,Weibo Gaming,LCK,LPL,1,0,BO1,international,worlds,False,False,https://gol.gg/game/stats/53563/page-summary/,https://gol.gg/tournament/tournament-matchlist/Worlds%20Main%20Event%202023/
53545,2023,2023-10-19,Worlds Main Event 2023,ROUND1,Bilibili Gaming,KT Rolster,LPL,LCK,1,0,BO1,international,worlds,False,False,https://gol.gg/game/stats/53545/page-summary/,https://gol.gg/tournament/tournament-matchlist/Worlds%20Main%20Event%202023/
53622,2023,2023-11-19,Worlds Main Event 2023,FINALS,Weibo Gaming,T1,LPL,LCK,0,3,BO5,international,worlds,False,False,https://gol.gg/game/stats/53622/page-summary/,https://gol.gg/tournament/tournament-matchlist/Worlds%20Main%20Event%202023/
53618,2023,2023-11-12,Worlds Main Event 2023,SEMIFINALS,T1,JD Gaming,LCK,LPL,3,1,BO5,international,worlds,False,False,https://gol.gg/game/stats/53618/page-summary/,https://gol.gg/tournament/tournament-matchlist/Worlds%20Main%20Event%202023/
53610,2023,2023-11-05,Worlds Main Event 2023,QUARTERFINALS,LNG Esports,T1,LPL,LCK,0,3,BO5,international,worlds,False,False,https://gol.gg/game/stats/53610/page-summary/,https://gol.gg/tournament/tournament-matchlist/Worlds%20Main%20Event%202023/
53584,2023,2023-10-28,Worlds Main Event 2023,ROUND4,T1,Bilibili Gaming,LCK,LPL,2,0,BO3,international,worlds,False,False,https://gol.gg/game/stats/53584/page-summary/,https://gol.gg/tournament/tournament-matchlist/Worlds%20Main%20Event%202023/
53560,2023,2023-10-22,Worlds Main Event 2023,ROUND3,T1,Cloud9,LCK,OTHER,1,0,BO1,international,worlds,False,False,https://gol.gg/game/stats/53560/page-summary/,https://gol.gg/tournament/tournament-matchlist/Worlds%20Main%20Event%202023/
53538,2023,2023-10-19,Worlds Main Event 2023,ROUND1,T1,Team Liquid,LCK,OTHER,1,0,BO1,international,worlds,False,False,https://gol.gg/game/stats/53538/page-summary/,https://gol.gg/tournament/tournament-matchlist/Worlds%20Main%20Event%202023/
49058,2023,2023-05-20,MSI 2023,BRACKET,Bilibili Gaming,T1,LPL,LCK,3,1,BO5,international,msi,False,False,https://gol.gg/game/stats/49058/page-summary/,https://gol.gg/tournament/tournament-matchlist/MSI%202023/
49050,2023,2023-05-18,MSI 2023,BRACKET,JD Gaming,T1,LPL,LCK,3,2,BO5,international,msi,False,False,https://gol.gg/game/stats/49050/page-summary/,https://gol.gg/tournament/tournament-matchlist/MSI%202023/
49008,2023,2023-05-10,MSI 2023,BRACKET,MAD Lions,T1,OTHER,LCK,0,3,BO5,international,msi,False,False,https://gol.gg/game/stats/49008/page-summary/,https://gol.gg/tournament/tournament-matchlist/MSI%202023/
53592,2023,2023-10-29,Worlds Main Event 2023,ROUND5,G2 Esports,Bilibili Gaming,G2,LPL,1,2,BO3,international,worlds,False,False,https://gol.gg/game/stats/53592/page-summary/,https://gol.gg/tournament/tournament-matchlist/Worlds%20Main%20Event%202023/
53562,2023,2023-10-22,Worlds Main Event 2023,ROUND3,Bilibili Gaming,Fnatic,LPL,OTHER,1,0,BO1,international,worlds,False,False,https://gol.gg/game/stats/53562/page-summary/,https://gol.gg/tournament/tournament-matchlist/Worlds%20Main%20Event%202023/
49040,2023,2023-05-16,MSI 2023,BRACKET,G2 Esports,Bilibili Gaming,G2,LPL,1,3,BO5,international,msi,False,False,https://gol.gg/game/stats/49040/page-summary/,https://gol.gg/tournament/tournament-matchlist/MSI%202023/
49013,2023,2023-05-11,MSI 2023,BRACKET,Cloud9,Bilibili Gaming,OTHER,LPL,0,3,BO5,international,msi,False,False,https://gol.gg/game/stats/49013/page-summary/,https://gol.gg/tournament/tournament-matchlist/MSI%202023/
48984,2023,2023-05-04,MSI 2023,PLAY-IN,Bilibili Gaming,Golden Guardians,LPL,OTHER,2,1,BO3,international,msi,False,False,https://gol.gg/game/stats/48984/page-summary/,https://gol.gg/tournament/tournament-matchlist/MSI%202023/
48973,2023,2023-05-03,MSI 2023,PLAY-IN,Bilibili Gaming,Movistar R7,LPL,OTHER,2,0,BO3,international,msi,False,False,https://gol.gg/game/stats/48973/page-summary/,https://gol.gg/tournament/tournament-matchlist/MSI%202023/
53613,2023,2023-11-11,Worlds Main Event 2023,SEMIFINALS,Weibo Gaming,Bilibili Gaming,LPL,LPL,3,2,BO5,international,worlds,False,False,https://gol.gg/game/stats/53613/page-summary/,https://gol.gg/tournament/tournament-matchlist/Worlds%20Main%20Event%202023/
53552,2023,2023-10-20,Worlds Main Event 2023,ROUND2,JD Gaming,Bilibili Gaming,LPL,LPL,1,0,BO1,international,worlds,False,False,https://gol.gg/game/stats/53552/page-summary/,https://gol.gg/tournament/tournament-matchlist/Worlds%20Main%20Event%202023/
49062,2023,2023-05-21,MSI 2023,FINALS,JD Gaming,Bilibili Gaming,LPL,LPL,3,1,BO5,international,msi,False,False,https://gol.gg/game/stats/49062/page-summary/,https://gol.gg/tournament/tournament-matchlist/MSI%202023/
49026,2023,2023-05-14,MSI 2023,BRACKET,JD Gaming,Bilibili Gaming,LPL,LPL,3,0,BO5,international,msi,False,False,https://gol.gg/game/stats/49026/page-summary/,https://gol.gg/tournament/tournament-matchlist/MSI%202023/
53541,2023,2023-10-19,Worlds Main Event 2023,ROUND1,Team BDS,JD Gaming,OTHER,LPL,0,1,BO1,international,worlds,False,False,https://gol.gg/game/stats/53541/page-summary/,https://gol.gg/tournament/tournament-matchlist/Worlds%20Main%20Event%202023/
49018,2023,2023-05-12,MSI 2023,BRACKET,JD Gaming,Golden Guardians,LPL,OTHER,3,0,BO5,international,msi,False,False,https://gol.gg/game/stats/49018/page-summary/,https://gol.gg/tournament/tournament-matchlist/MSI%202023/
53554,2023,2023-10-21,Worlds Main Event 2023,ROUND3,JD Gaming,LNG Esports,LPL,LPL,2,1,BO3,international,worlds,False,False,https://gol.gg/game/stats/53554/page-summary/,https://gol.gg/tournament/tournament-matchlist/Worlds%20Main%20Event%202023/
53547,2023,2023-10-20,Worlds Main Event 2023,ROUND2,Cloud9,LNG Esports,OTHER,LPL,0,1,BO1,international,worlds,False,False,https://gol.gg/game/stats/53547/page-summary/,https://gol.gg/tournament/tournament-matchlist/Worlds%20Main%20Event%202023/
53544,2023,2023-10-19,Worlds Main Event 2023,ROUND1,LNG Esports,Fnatic,LPL,OTHER,1,0,BO1,international,worlds,False,False,https://gol.gg/game/stats/53544/page-summary/,https://gol.gg/tournament/tournament-matchlist/Worlds%20Main%20Event%202023/
53595,2023,2023-11-02,Worlds Main Event 2023,QUARTERFINALS,NRG,Weibo Gaming,OTHER,LPL,0,3,BO5,international,worlds,False,False,https://gol.gg/game/stats/53595/page-summary/,https://gol.gg/tournament/tournament-matchlist/Worlds%20Main%20Event%202023/
53589,2023,2023-10-29,Worlds Main Event 2023,ROUND5,Fnatic,Weibo Gaming,OTHER,LPL,1,2,BO3,international,worlds,False,False,https://gol.gg/game/stats/53589/page-summary/,https://gol.gg/tournament/tournament-matchlist/Worlds%20Main%20Event%202023/
53572,2023,2023-10-26,Worlds Main Event 2023,ROUND4,MAD Lions,Weibo Gaming,OTHER,LPL,0,2,BO3,international,worlds,False,False,https://gol.gg/game/stats/53572/page-summary/,https://gol.gg/tournament/tournament-matchlist/Worlds%20Main%20Event%202023/
53551,2023,2023-10-20,Worlds Main Event 2023,ROUND2,G2 Esports,Weibo Gaming,G2,LPL,1,0,BO1,international,worlds,False,False,https://gol.gg/game/stats/53551/page-summary/,https://gol.gg/tournament/tournament-matchlist/Worlds%20Main%20Event%202023/
53543,2023,2023-10-19,Worlds Main Event 2023,ROUND1,Weibo Gaming,NRG,LPL,OTHER,1,0,BO1,international,worlds,False,False,https://gol.gg/game/stats/53543/page-summary/,https://gol.gg/tournament/tournament-matchlist/Worlds%20Main%20Event%202023/
62784,2024,2024-10-13,Worlds Main Event 2024,ROUND5,Dplus KIA,Weibo Gaming,LCK,LPL,1,2,BO3,international,worlds,False,False,https://gol.gg/game/stats/62784/page-summary/,https://gol.gg/tournament/tournament-matchlist/Worlds%20Main%20Event%202024/
62767,2024,2024-10-10,Worlds Main Event 2024,ROUND4,Top Esports,Dplus KIA,LPL,LCK,2,0,BO3,international,worlds,False,False,https://gol.gg/game/stats/62767/page-summary/,https://gol.gg/tournament/tournament-matchlist/Worlds%20Main%20Event%202024/
62752,2024,2024-10-05,Worlds Main Event 2024,ROUND3,Dplus KIA,LNG Esports,LCK,LPL,0,2,BO3,international,worlds,False,False,https://gol.gg/game/stats/62752/page-summary/,https://gol.gg/tournament/tournament-matchlist/Worlds%20Main%20Event%202024/
62749,2024,2024-10-04,Worlds Main Event 2024,ROUND2,Dplus KIA,FlyQuest,LCK,OTHER,1,0,BO1,international,worlds,False,False,https://gol.gg/game/stats/62749/page-summary/,https://gol.gg/tournament/tournament-matchlist/Worlds%20Main%20Event%202024/
62736,2024,2024-10-03,Worlds Main Event 2024,ROUND1,Fnatic,Dplus KIA,OTHER,LCK,0,1,BO1,international,worlds,False,False,https://gol.gg/game/stats/62736/page-summary/,https://gol.gg/tournament/tournament-matchlist/Worlds%20Main%20Event%202024/
62804,2024,2024-10-20,Worlds Main Event 2024,QUARTERFINALS,Gen.G eSports,FlyQuest,LCK,OTHER,3,2,BO5,international,worlds,False,False,https://gol.gg/game/stats/62804/page-summary/,https://gol.gg/tournament/tournament-matchlist/Worlds%20Main%20Event%202024/
62745,2024,2024-10-04,Worlds Main Event 2024,ROUND2,Gen.G eSports,Top Esports,LCK,LPL,1,0,BO1,international,worlds,False,False,https://gol.gg/game/stats/62745/page-summary/,https://gol.gg/tournament/tournament-matchlist/Worlds%20Main%20Event%202024/
62735,2024,2024-10-03,Worlds Main Event 2024,ROUND1,Gen.G eSports,Weibo Gaming,LCK,LPL,1,0,BO1,international,worlds,False,False,https://gol.gg/game/stats/62735/page-summary/,https://gol.gg/tournament/tournament-matchlist/Worlds%20Main%20Event%202024/
58129,2024,2024-05-19,MSI 2024,FINALS,Gen.G eSports,Bilibili Gaming,LCK,LPL,3,1,BO5,international,msi,False,False,https://gol.gg/game/stats/58129/page-summary/,https://gol.gg/tournament/tournament-matchlist/MSI%202024/
58113,2024,2024-05-16,MSI 2024,ROUND4,Gen.G eSports,Bilibili Gaming,LCK,LPL,3,1,BO5,international,msi,False,False,https://gol.gg/game/stats/58113/page-summary/,https://gol.gg/tournament/tournament-matchlist/MSI%202024/
58089,2024,2024-05-11,MSI 2024,ROUND2,Gen.G eSports,Top Esports,LCK,LPL,3,2,BO5,international,msi,False,False,https://gol.gg/game/stats/58089/page-summary/,https://gol.gg/tournament/tournament-matchlist/MSI%202024/
58069,2024,2024-05-08,MSI 2024,ROUND1,Gen.G eSports,Fnatic,LCK,OTHER,3,0,BO5,international,msi,False,False,https://gol.gg/game/stats/58069/page-summary/,https://gol.gg/tournament/tournament-matchlist/MSI%202024/
62812,2024,2024-10-27,Worlds Main Event 2024,SEMIFINALS,T1,Gen.G eSports,LCK,LCK,3,1,BO5,international,worlds,False,False,https://gol.gg/game/stats/62812/page-summary/,https://gol.gg/tournament/tournament-matchlist/Worlds%20Main%20Event%202024/
62755,2024,2024-10-05,Worlds Main Event 2024,ROUND3,Hanwha Life eSports,Gen.G eSports,LCK,LCK,1,2,BO3,international,worlds,False,False,https://gol.gg/game/stats/62755/page-summary/,https://gol.gg/tournament/tournament-matchlist/Worlds%20Main%20Event%202024/
62797,2024,2024-10-18,Worlds Main Event 2024,QUARTERFINALS,Hanwha Life eSports,Bilibili Gaming,LCK,LPL,1,3,BO5,international,worlds,False,False,https://gol.gg/game/stats/62797/page-summary/,https://gol.gg/tournament/tournament-matchlist/Worlds%20Main%20Event%202024/
62770,2024,2024-10-10,Worlds Main Event 2024,ROUND4,Hanwha Life eSports,FlyQuest,LCK,OTHER,2,1,BO3,international,worlds,False,False,https://gol.gg/game/stats/62770/page-summary/,https://gol.gg/tournament/tournament-matchlist/Worlds%20Main%20Event%202024/
62746,2024,2024-10-04,Worlds Main Event 2024,ROUND2,G2 Esports,Hanwha Life eSports,G2,LCK,0,1,BO1,international,worlds,False,False,https://gol.gg/game/stats/62746/page-summary/,https://gol.gg/tournament/tournament-matchlist/Worlds%20Main%20Event%202024/
62738,2024,2024-10-03,Worlds Main Event 2024,ROUND1,Hanwha Life eSports,PSG Talon,LCK,OTHER,1,0,BO1,international,worlds,False,False,https://gol.gg/game/stats/62738/page-summary/,https://gol.gg/tournament/tournament-matchlist/Worlds%20Main%20Event%202024/
62816,2024,2024-11-02,Worlds Main Event 2024,FINALS,T1,Bilibili Gaming,LCK,LPL,3,2,BO5,international,worlds,False,False,https://gol.gg/game/stats/62816/page-summary/,https://gol.gg/tournament/tournament-matchlist/Worlds%20Main%20Event%202024/
62801,2024,2024-10-19,Worlds Main Event 2024,QUARTERFINALS,Top Esports,T1,LPL,LCK,0,3,BO5,international,worlds,False,False,https://gol.gg/game/stats/62801/page-summary/,https://gol.gg/tournament/tournament-matchlist/Worlds%20Main%20Event%202024/
62773,2024,2024-10-11,Worlds Main Event 2024,ROUND4,G2 Esports,T1,G2,LCK,0,2,BO3,international,worlds,False,False,https://gol.gg/game/stats/62773/page-summary/,https://gol.gg/tournament/tournament-matchlist/Worlds%20Main%20Event%202024/
62759,2024,2024-10-06,Worlds Main Event 2024,ROUND3,Bilibili Gaming,T1,LPL,LCK,0,1,BO1,international,worlds,False,False,https://gol.gg/game/stats/62759/page-summary/,https://gol.gg/tournament/tournament-matchlist/Worlds%20Main%20Event%202024/
62748,2024,2024-10-04,Worlds Main Event 2024,ROUND2,T1,paiN Gaming,LCK,OTHER,1,0,BO1,international,worlds,False,False,https://gol.gg/game/stats/62748/page-summary/,https://gol.gg/tournament/tournament-matchlist/Worlds%20Main%20Event%202024/
62734,2024,2024-10-03,Worlds Main Event 2024,ROUND1,Top Esports,T1,LPL,LCK,1,0,BO1,international,worlds,False,False,https://gol.gg/game/stats/62734/page-summary/,https://gol.gg/tournament/tournament-matchlist/Worlds%20Main%20Event%202024/
58124,2024,2024-05-18,MSI 2024,ROUND4,Bilibili Gaming,T1,LPL,LCK,3,2,BO5,international,msi,False,False,https://gol.gg/game/stats/58124/page-summary/,https://gol.gg/tournament/tournament-matchlist/MSI%202024/
58121,2024,2024-05-17,MSI 2024,ROUND3,T1,G2 Esports,LCK,G2,3,0,BO5,international,msi,False,False,https://gol.gg/game/stats/58121/page-summary/,https://gol.gg/tournament/tournament-matchlist/MSI%202024/
58108,2024,2024-05-15,MSI 2024,ROUND2,T1,Team Liquid,LCK,OTHER,3,1,BO5,international,msi,False,False,https://gol.gg/game/stats/58108/page-summary/,https://gol.gg/tournament/tournament-matchlist/MSI%202024/
58099,2024,2024-05-12,MSI 2024,ROUND2,Bilibili Gaming,T1,LPL,LCK,3,1,BO5,international,msi,False,False,https://gol.gg/game/stats/58099/page-summary/,https://gol.gg/tournament/tournament-matchlist/MSI%202024/
58079,2024,2024-05-10,MSI 2024,ROUND1,G2 Esports,T1,G2,LCK,2,3,BO5,international,msi,False,False,https://gol.gg/game/stats/58079/page-summary/,https://gol.gg/tournament/tournament-matchlist/MSI%202024/
58047,2024,2024-05-03,MSI 2024,DAY3,T1,FlyQuest,LCK,OTHER,2,0,BO3,international,msi,False,False,https://gol.gg/game/stats/58047/page-summary/,https://gol.gg/tournament/tournament-matchlist/MSI%202024/
58039,2024,2024-05-01,MSI 2024,DAY1,T1,Estral Esports,LCK,OTHER,2,0,BO3,international,msi,False,False,https://gol.gg/game/stats/58039/page-summary/,https://gol.gg/tournament/tournament-matchlist/MSI%202024/
62787,2024,2024-10-13,Worlds Main Event 2024,ROUND5,G2 Esports,Bilibili Gaming,G2,LPL,1,2,BO3,international,worlds,False,False,https://gol.gg/game/stats/62787/page-summary/,https://gol.gg/tournament/tournament-matchlist/Worlds%20Main%20Event%202024/
62776,2024,2024-10-11,Worlds Main Event 2024,ROUND4,Bilibili Gaming,PSG Talon,LPL,OTHER,2,0,BO3,international,worlds,False,False,https://gol.gg/game/stats/62776/page-summary/,https://gol.gg/tournament/tournament-matchlist/Worlds%20Main%20Event%202024/
62733,2024,2024-10-03,Worlds Main Event 2024,ROUND1,Bilibili Gaming,MAD Lions KOI,LPL,OTHER,1,0,BO1,international,worlds,False,False,https://gol.gg/game/stats/62733/page-summary/,https://gol.gg/tournament/tournament-matchlist/Worlds%20Main%20Event%202024/
58074,2024,2024-05-09,MSI 2024,ROUND1,Bilibili Gaming,PSG Talon,LPL,OTHER,3,2,BO5,international,msi,False,False,https://gol.gg/game/stats/58074/page-summary/,https://gol.gg/tournament/tournament-matchlist/MSI%202024/
62809,2024,2024-10-26,Worlds Main Event 2024,SEMIFINALS,Weibo Gaming,Bilibili Gaming,LPL,LPL,0,3,BO5,international,worlds,False,False,https://gol.gg/game/stats/62809/page-summary/,https://gol.gg/tournament/tournament-matchlist/Worlds%20Main%20Event%202024/
62744,2024,2024-10-04,Worlds Main Event 2024,ROUND2,Bilibili Gaming,LNG Esports,LPL,LPL,0,1,BO1,international,worlds,False,False,https://gol.gg/game/stats/62744/page-summary/,https://gol.gg/tournament/tournament-matchlist/Worlds%20Main%20Event%202024/
62737,2024,2024-10-03,Worlds Main Event 2024,ROUND1,Team Liquid,LNG Esports,OTHER,LPL,0,1,BO1,international,worlds,False,False,https://gol.gg/game/stats/62737/page-summary/,https://gol.gg/tournament/tournament-matchlist/Worlds%20Main%20Event%202024/
62793,2024,2024-10-17,Worlds Main Event 2024,QUARTERFINALS,Weibo Gaming,LNG Esports,LPL,LPL,3,1,BO5,international,worlds,False,False,https://gol.gg/game/stats/62793/page-summary/,https://gol.gg/tournament/tournament-matchlist/Worlds%20Main%20Event%202024/
62758,2024,2024-10-06,Worlds Main Event 2024,ROUND3,Top Esports,Fnatic,LPL,OTHER,1,0,BO1,international,worlds,False,False,https://gol.gg/game/stats/62758/page-summary/,https://gol.gg/tournament/tournament-matchlist/Worlds%20Main%20Event%202024/
58118,2024,2024-05-14,MSI 2024,ROUND2,Top Esports,G2 Esports,LPL,G2,0,3,BO5,international,msi,False,False,https://gol.gg/game/stats/58118/page-summary/,https://gol.gg/tournament/tournament-matchlist/MSI%202024/
58064,2024,2024-05-07,MSI 2024,ROUND1,Team Liquid,Top Esports,OTHER,LPL,0,3,BO5,international,msi,False,False,https://gol.gg/game/stats/58064/page-summary/,https://gol.gg/tournament/tournament-matchlist/MSI%202024/
58050,2024,2024-05-03,MSI 2024,DAY3,Top Esports,Fnatic,LPL,OTHER,2,1,BO3,international,msi,False,False,https://gol.gg/game/stats/58050/page-summary/,https://gol.gg/tournament/tournament-matchlist/MSI%202024/
58045,2024,2024-05-02,MSI 2024,DAY2,Top Esports,LOUD,LPL,OTHER,2,0,BO3,international,msi,False,False,https://gol.gg/game/stats/58045/page-summary/,https://gol.gg/tournament/tournament-matchlist/MSI%202024/
62778,2024,2024-10-12,Worlds Main Event 2024,ROUND4,Fnatic,Weibo Gaming,OTHER,LPL,1,2,BO3,international,worlds,False,False,https://gol.gg/game/stats/62778/page-summary/,https://gol.gg/tournament/tournament-matchlist/Worlds%20Main%20Event%202024/
62761,2024,2024-10-06,Worlds Main Event 2024,ROUND3,G2 Esports,Weibo Gaming,G2,LPL,1,0,BO1,international,worlds,False,False,https://gol.gg/game/stats/62761/page-summary/,https://gol.gg/tournament/tournament-matchlist/Worlds%20Main%20Event%202024/
62747,2024,2024-10-04,Worlds Main Event 2024,ROUND2,Team Liquid,Weibo Gaming,OTHER,LPL,0,1,BO1,international,worlds,False,False,https://gol.gg/game/stats/62747/page-summary/,https://gol.gg/tournament/tournament-matchlist/Worlds%20Main%20Event%202024/
72924,2025,2025-10-23,Worlds 2025 Main Event,ROUND4,Gen.G eSports,Top Esports,LCK,LPL,2,0,BO3,international,worlds,False,False,https://gol.gg/game/stats/72924/page-summary/,https://gol.gg/tournament/tournament-matchlist/Worlds%202025%20Main%20Event/
72879,2025,2025-10-16,Worlds 2025 Main Event,ROUND2,Gen.G eSports,Anyone's Legend,LCK,LPL,0,1,BO1,international,worlds,False,False,https://gol.gg/game/stats/72879/page-summary/,https://gol.gg/tournament/tournament-matchlist/Worlds%202025%20Main%20Event/
72873,2025,2025-10-15,Worlds 2025 Main Event,ROUND1,Gen.G eSports,PSG Talon,LCK,OTHER,1,0,BO1,international,worlds,False,False,https://gol.gg/game/stats/72873/page-summary/,https://gol.gg/tournament/tournament-matchlist/Worlds%202025%20Main%20Event/
69287,2025,2025-07-04,2025 Mid-Season Invitational,ROUND2,Anyone's Legend,Gen.G eSports,LPL,LCK,2,3,BO5,international,msi,False,False,https://gol.gg/game/stats/69287/page-summary/,https://gol.gg/tournament/tournament-matchlist/2025%20Mid-Season%20Invitational/
69262,2025,2025-07-01,2025 Mid-Season Invitational,ROUND1,Gen.G eSports,G2 Esports,LCK,G2,3,1,BO5,international,msi,False,False,https://gol.gg/game/stats/69262/page-summary/,https://gol.gg/tournament/tournament-matchlist/2025%20Mid-Season%20Invitational/
72972,2025,2025-11-01,Worlds 2025 Main Event,SEMIFINALS,Gen.G eSports,KT Rolster,LCK,LCK,1,3,BO5,international,worlds,False,False,https://gol.gg/game/stats/72972/page-summary/,https://gol.gg/tournament/tournament-matchlist/Worlds%202025%20Main%20Event/
72952,2025,2025-10-28,Worlds 2025 Main Event,QUARTERFINALS,Gen.G eSports,Hanwha Life eSports,LCK,LCK,3,1,BO5,international,worlds,False,False,https://gol.gg/game/stats/72952/page-summary/,https://gol.gg/tournament/tournament-matchlist/Worlds%202025%20Main%20Event/
72889,2025,2025-10-18,Worlds 2025 Main Event,ROUND3,Gen.G eSports,T1,LCK,LCK,1,0,BO1,international,worlds,False,False,https://gol.gg/game/stats/72889/page-summary/,https://gol.gg/tournament/tournament-matchlist/Worlds%202025%20Main%20Event/
69323,2025,2025-07-12,2025 Mid-Season Invitational,FINALS,Gen.G eSports,T1,LCK,LCK,3,2,BO5,international,msi,False,False,https://gol.gg/game/stats/69323/page-summary/,https://gol.gg/tournament/tournament-matchlist/2025%20Mid-Season%20Invitational/
69310,2025,2025-07-09,2025 Mid-Season Invitational,ROUND4,T1,Gen.G eSports,LCK,LCK,2,3,BO5,international,msi,False,False,https://gol.gg/game/stats/69310/page-summary/,https://gol.gg/tournament/tournament-matchlist/2025%20Mid-Season%20Invitational/
72915,2025,2025-10-22,Worlds 2025 Main Event,ROUND4,CTBC Flying Oyster,Hanwha Life eSports,OTHER,LCK,0,2,BO3,international,worlds,False,False,https://gol.gg/game/stats/72915/page-summary/,https://gol.gg/tournament/tournament-matchlist/Worlds%202025%20Main%20Event/
72891,2025,2025-10-18,Worlds 2025 Main Event,ROUND3,Hanwha Life eSports,100 Thieves,LCK,OTHER,1,0,BO1,international,worlds,False,False,https://gol.gg/game/stats/72891/page-summary/,https://gol.gg/tournament/tournament-matchlist/Worlds%202025%20Main%20Event/
72881,2025,2025-10-16,Worlds 2025 Main Event,ROUND2,Hanwha Life eSports,PSG Talon,LCK,OTHER,1,0,BO1,international,worlds,False,False,https://gol.gg/game/stats/72881/page-summary/,https://gol.gg/tournament/tournament-matchlist/Worlds%202025%20Main%20Event/
72871,2025,2025-10-15,Worlds 2025 Main Event,ROUND1,Hanwha Life eSports,Anyone's Legend,LCK,LPL,0,1,BO1,international,worlds,False,False,https://gol.gg/game/stats/72871/page-summary/,https://gol.gg/tournament/tournament-matchlist/Worlds%202025%20Main%20Event/
72957,2025,2025-10-29,Worlds 2025 Main Event,QUARTERFINALS,KT Rolster,CTBC Flying Oyster,LCK,OTHER,3,0,BO5,international,worlds,False,False,https://gol.gg/game/stats/72957/page-summary/,https://gol.gg/tournament/tournament-matchlist/Worlds%202025%20Main%20Event/
72885,2025,2025-10-17,Worlds 2025 Main Event,ROUND3,KT Rolster,Top Esports,LCK,LPL,2,0,BO3,international,worlds,False,False,https://gol.gg/game/stats/72885/page-summary/,https://gol.gg/tournament/tournament-matchlist/Worlds%202025%20Main%20Event/
72875,2025,2025-10-16,Worlds 2025 Main Event,ROUND2,KT Rolster,Team Secret Whales,LCK,OTHER,1,0,BO1,international,worlds,False,False,https://gol.gg/game/stats/72875/page-summary/,https://gol.gg/tournament/tournament-matchlist/Worlds%202025%20Main%20Event/
72868,2025,2025-10-15,Worlds 2025 Main Event,ROUND1,KT Rolster,Movistar KOI,LCK,OTHER,1,0,BO1,international,worlds,False,False,https://gol.gg/game/stats/72868/page-summary/,https://gol.gg/tournament/tournament-matchlist/Worlds%202025%20Main%20Event/
72980,2025,2025-11-09,Worlds 2025 Main Event,FINALS,KT Rolster,T1,LCK,LCK,2,3,BO5,international,worlds,False,False,https://gol.gg/game/stats/72980/page-summary/,https://gol.gg/tournament/tournament-matchlist/Worlds%202025%20Main%20Event/
72977,2025,2025-11-02,Worlds 2025 Main Event,SEMIFINALS,T1,Top Esports,LCK,LPL,3,0,BO5,international,worlds,False,False,https://gol.gg/game/stats/72977/page-summary/,https://gol.gg/tournament/tournament-matchlist/Worlds%202025%20Main%20Event/
72967,2025,2025-10-31,Worlds 2025 Main Event,QUARTERFINALS,Anyone's Legend,T1,LPL,LCK,2,3,BO5,international,worlds,False,False,https://gol.gg/game/stats/72967/page-summary/,https://gol.gg/tournament/tournament-matchlist/Worlds%202025%20Main%20Event/
72950,2025,2025-10-25,Worlds 2025 Main Event,ROUND5,Movistar KOI,T1,OTHER,LCK,0,2,BO3,international,worlds,False,False,https://gol.gg/game/stats/72950/page-summary/,https://gol.gg/tournament/tournament-matchlist/Worlds%202025%20Main%20Event/
72930,2025,2025-10-24,Worlds 2025 Main Event,ROUND4,100 Thieves,T1,OTHER,LCK,0,2,BO3,international,worlds,False,False,https://gol.gg/game/stats/72930/page-summary/,https://gol.gg/tournament/tournament-matchlist/Worlds%202025%20Main%20Event/
72878,2025,2025-10-16,Worlds 2025 Main Event,ROUND2,CTBC Flying Oyster,T1,OTHER,LCK,1,0,BO1,international,worlds,False,False,https://gol.gg/game/stats/72878/page-summary/,https://gol.gg/tournament/tournament-matchlist/Worlds%202025%20Main%20Event/
72870,2025,2025-10-15,Worlds 2025 Main Event,ROUND1,FlyQuest,T1,OTHER,LCK,0,1,BO1,international,worlds,False,False,https://gol.gg/game/stats/72870/page-summary/,https://gol.gg/tournament/tournament-matchlist/Worlds%202025%20Main%20Event/
72769,2025,2025-10-14,Worlds 2025 Play-In,PLAY-IN,Invictus Gaming,T1,LPL,LCK,1,3,BO5,international,worlds,False,False,https://gol.gg/game/stats/72769/page-summary/,https://gol.gg/tournament/tournament-matchlist/Worlds%202025%20Play-In/
69318,2025,2025-07-11,2025 Mid-Season Invitational,ROUND4,T1,Anyone's Legend,LCK,LPL,3,2,BO5,international,msi,False,False,https://gol.gg/game/stats/69318/page-summary/,https://gol.gg/tournament/tournament-matchlist/2025%20Mid-Season%20Invitational/
69297,2025,2025-07-05,2025 Mid-Season Invitational,ROUND2,Bilibili Gaming,T1,LPL,LCK,0,3,BO5,international,msi,False,False,https://gol.gg/game/stats/69297/page-summary/,https://gol.gg/tournament/tournament-matchlist/2025%20Mid-Season%20Invitational/
69277,2025,2025-07-03,2025 Mid-Season Invitational,ROUND1,CTBC Flying Oyster,T1,OTHER,LCK,2,3,BO5,international,msi,False,False,https://gol.gg/game/stats/69277/page-summary/,https://gol.gg/tournament/tournament-matchlist/2025%20Mid-Season%20Invitational/
72882,2025,2025-10-17,Worlds 2025 Main Event,ROUND3,CTBC Flying Oyster,Anyone's Legend,OTHER,LPL,1,2,BO3,international,worlds,False,False,https://gol.gg/game/stats/72882/page-summary/,https://gol.gg/tournament/tournament-matchlist/Worlds%202025%20Main%20Event/
69300,2025,2025-07-07,2025 Mid-Season Invitational,ROUND2,CTBC Flying Oyster,Anyone's Legend,OTHER,LPL,1,3,BO5,international,msi,False,False,https://gol.gg/game/stats/69300/page-summary/,https://gol.gg/tournament/tournament-matchlist/2025%20Mid-Season%20Invitational/
69267,2025,2025-07-02,2025 Mid-Season Invitational,ROUND1,Anyone's Legend,FlyQuest,LPL,OTHER,3,1,BO5,international,msi,False,False,https://gol.gg/game/stats/69267/page-summary/,https://gol.gg/tournament/tournament-matchlist/2025%20Mid-Season%20Invitational/
69315,2025,2025-07-10,2025 Mid-Season Invitational,ROUND3,Anyone's Legend,Bilibili Gaming,LPL,LPL,3,0,BO5,international,msi,False,False,https://gol.gg/game/stats/69315/page-summary/,https://gol.gg/tournament/tournament-matchlist/2025%20Mid-Season%20Invitational/
72927,2025,2025-10-24,Worlds 2025 Main Event,ROUND4,Bilibili Gaming,Vivo Keyd Stars,LPL,OTHER,2,0,BO3,international,worlds,False,False,https://gol.gg/game/stats/72927/page-summary/,https://gol.gg/tournament/tournament-matchlist/Worlds%202025%20Main%20Event/
72888,2025,2025-10-18,Worlds 2025 Main Event,ROUND3,Bilibili Gaming,G2 Esports,LPL,G2,0,1,BO1,international,worlds,False,False,https://gol.gg/game/stats/72888/page-summary/,https://gol.gg/tournament/tournament-matchlist/Worlds%202025%20Main%20Event/
72880,2025,2025-10-16,Worlds 2025 Main Event,ROUND2,Bilibili Gaming,Fnatic,LPL,OTHER,1,0,BO1,international,worlds,False,False,https://gol.gg/game/stats/72880/page-summary/,https://gol.gg/tournament/tournament-matchlist/Worlds%202025%20Main%20Event/
72869,2025,2025-10-15,Worlds 2025 Main Event,ROUND1,Bilibili Gaming,100 Thieves,LPL,OTHER,0,1,BO1,international,worlds,False,False,https://gol.gg/game/stats/72869/page-summary/,https://gol.gg/tournament/tournament-matchlist/Worlds%202025%20Main%20Event/
69305,2025,2025-07-08,2025 Mid-Season Invitational,ROUND2,FlyQuest,Bilibili Gaming,OTHER,LPL,2,3,BO5,international,msi,False,False,https://gol.gg/game/stats/69305/page-summary/,https://gol.gg/tournament/tournament-matchlist/2025%20Mid-Season%20Invitational/
69272,2025,2025-07-03,2025 Mid-Season Invitational,ROUND1,Movistar KOI,Bilibili Gaming,OTHER,LPL,1,3,BO5,international,msi,False,False,https://gol.gg/game/stats/69272/page-summary/,https://gol.gg/tournament/tournament-matchlist/2025%20Mid-Season%20Invitational/
69254,2025,2025-06-28,2025 Mid-Season Invitational,PLAYIN-DAY2,Bilibili Gaming,G2 Esports,LPL,G2,3,0,BO5,international,msi,False,False,https://gol.gg/game/stats/69254/page-summary/,https://gol.gg/tournament/tournament-matchlist/2025%20Mid-Season%20Invitational/
69232,2025,2025-06-27,2025 Mid-Season Invitational,PLAYIN-DAY1,Bilibili Gaming,GAM Esports,LPL,OTHER,3,0,BO5,international,msi,False,False,https://gol.gg/game/stats/69232/page-summary/,https://gol.gg/tournament/tournament-matchlist/2025%20Mid-Season%20Invitational/
72947,2025,2025-10-25,Worlds 2025 Main Event,ROUND5,Top Esports,Bilibili Gaming,LPL,LPL,2,1,BO3,international,worlds,False,False,https://gol.gg/game/stats/72947/page-summary/,https://gol.gg/tournament/tournament-matchlist/Worlds%202025%20Main%20Event/
72962,2025,2025-10-30,Worlds 2025 Main Event,QUARTERFINALS,Top Esports,G2 Esports,LPL,G2,3,1,BO5,international,worlds,False,False,https://gol.gg/game/stats/72962/page-summary/,https://gol.gg/tournament/tournament-matchlist/Worlds%202025%20Main%20Event/
72877,2025,2025-10-16,Worlds 2025 Main Event,ROUND2,Top Esports,100 Thieves,LPL,OTHER,1,0,BO1,international,worlds,False,False,https://gol.gg/game/stats/72877/page-summary/,https://gol.gg/tournament/tournament-matchlist/Worlds%202025%20Main%20Event/
72872,2025,2025-10-15,Worlds 2025 Main Event,ROUND1,G2 Esports,Top Esports,G2,LPL,0,1,BO1,international,worlds,False,False,https://gol.gg/game/stats/72872/page-summary/,https://gol.gg/tournament/tournament-matchlist/Worlds%202025%20Main%20Event/
79840,2026,2026-07-12,MSI 2026,FINALS,Bilibili Gaming,Hanwha Life Esports,LPL,LCK,2,3,BO5,international,msi,False,False,https://gol.gg/game/stats/79840/page-summary/,https://gol.gg/tournament/tournament-matchlist/MSI%202026/
79792,2026,2026-07-11,MSI 2026,ROUND4,LYON,Hanwha Life Esports,OTHER,LCK,2,3,BO5,international,msi,False,False,https://gol.gg/game/stats/79792/page-summary/,https://gol.gg/tournament/tournament-matchlist/MSI%202026/
79751,2026,2026-07-09,MSI 2026,ROUND4,Bilibili Gaming,Hanwha Life Esports,LPL,LCK,3,1,BO5,international,msi,False,False,https://gol.gg/game/stats/79751/page-summary/,https://gol.gg/tournament/tournament-matchlist/MSI%202026/
79696,2026,2026-07-05,MSI 2026,ROUND2,Hanwha Life Esports,G2 Esports,LCK,OTHER,3,0,BO5,international,msi,False,False,https://gol.gg/game/stats/79696/page-summary/,https://gol.gg/tournament/tournament-matchlist/MSI%202026/
79603,2026,2026-07-03,MSI 2026,ROUND1,Hanwha Life Esports,Team Secret Whales,LCK,OTHER,3,0,BO5,international,msi,False,False,https://gol.gg/game/stats/79603/page-summary/,https://gol.gg/tournament/tournament-matchlist/MSI%202026/
79746,2026,2026-07-08,MSI 2026,ROUND2,G2 Esports,T1,OTHER,LCK,3,1,BO5,international,msi,False,False,https://gol.gg/game/stats/79746/page-summary/,https://gol.gg/tournament/tournament-matchlist/MSI%202026/
79691,2026,2026-07-06,MSI 2026,ROUND1,T1,FURIA,LCK,OTHER,3,0,BO5,international,msi,False,False,https://gol.gg/game/stats/79691/page-summary/,https://gol.gg/tournament/tournament-matchlist/MSI%202026/
79618,2026,2026-07-04,MSI 2026,ROUND1,T1,Bilibili Gaming,LCK,LPL,2,3,BO5,international,msi,False,False,https://gol.gg/game/stats/79618/page-summary/,https://gol.gg/tournament/tournament-matchlist/MSI%202026/
79574,2026,2026-07-01,MSI 2026,PLAY-IN.DAY4,T1,Team Liquid,LCK,OTHER,3,0,BO5,international,msi,False,False,https://gol.gg/game/stats/79574/page-summary/,https://gol.gg/tournament/tournament-matchlist/MSI%202026/
79534,2026,2026-06-29,MSI 2026,PLAY-IN.DAY2,T1,Karmine Corp,LCK,OTHER,3,0,BO5,international,msi,False,False,https://gol.gg/game/stats/79534/page-summary/,https://gol.gg/tournament/tournament-matchlist/MSI%202026/
79526,2026,2026-06-28,MSI 2026,PLAY-IN.DAY1,T1,Team Liquid,LCK,OTHER,3,0,BO5,international,msi,False,False,https://gol.gg/game/stats/79526/page-summary/,https://gol.gg/tournament/tournament-matchlist/MSI%202026/
79701,2026,2026-07-06,MSI 2026,ROUND2,Bilibili Gaming,LYON,LPL,OTHER,3,0,BO5,international,msi,False,False,https://gol.gg/game/stats/79701/page-summary/,https://gol.gg/tournament/tournament-matchlist/MSI%202026/
79686,2026,2026-07-05,MSI 2026,ROUND1,Team Secret Whales,Top Esports,OTHER,LPL,3,1,BO5,international,msi,False,False,https://gol.gg/game/stats/79686/page-summary/,https://gol.gg/tournament/tournament-matchlist/MSI%202026/
79608,2026,2026-07-03,MSI 2026,ROUND1,Top Esports,G2 Esports,LPL,OTHER,2,3,BO5,international,msi,False,False,https://gol.gg/game/stats/79608/page-summary/,https://gol.gg/tournament/tournament-matchlist/MSI%202026/
